"Item","Category","Manufacturer","Manufacturer Part Number","Preferred Distributor","Alternate Distributor","Lifecycle","Stock Status","RoHS","Second Source","Risk","Review Date"
"09_Connectors_Test/J1","Connectors","UNRESOLVED","UNRESOLVED - CSR-01 BLOCKED","UNRESOLVED","UNRESOLVED","NOT REVIEWED","NOT REVIEWED","NOT REVIEWED","UNRESOLVED","BLOCKED - no approved vendor item","2026-07-30"
"09_Connectors_Test/J10","Connectors","UNRESOLVED","UNRESOLVED - CSR-01 BLOCKED","UNRESOLVED","UNRESOLVED","NOT REVIEWED","NOT REVIEWED","NOT REVIEWED","UNRESOLVED","BLOCKED - no approved vendor item","2026-07-30"
"09_Connectors_Test/J13","Connectors","UNRESOLVED","UNRESOLVED - CSR-01 BLOCKED","UNRESOLVED","UNRESOLVED","NOT REVIEWED","NOT REVIEWED","NOT REVIEWED","UNRESOLVED","BLOCKED - no approved vendor item","2026-07-30"
"09_Connectors_Test/J2","Connectors","UNRESOLVED","UNRESOLVED - CSR-01 BLOCKED","UNRESOLVED","UNRESOLVED","NOT REVIEWED","NOT REVIEWED","NOT REVIEWED","UNRESOLVED","BLOCKED - no approved vendor item","2026-07-30"
"09_Connectors_Test/J3","Connectors","UNRESOLVED","UNRESOLVED - CSR-01 BLOCKED","UNRESOLVED","UNRESOLVED","NOT REVIEWED","NOT REVIEWED","NOT REVIEWED","UNRESOLVED","BLOCKED - no approved vendor item","2026-07-30"
"09_Connectors_Test/J4","Connectors","UNRESOLVED","UNRESOLVED - CSR-01 BLOCKED","UNRESOLVED","UNRESOLVED","NOT REVIEWED","NOT REVIEWED","NOT REVIEWED","UNRESOLVED","BLOCKED - no approved vendor item","2026-07-30"
"09_Connectors_Test/J5","Connectors","UNRESOLVED","UNRESOLVED - CSR-01 BLOCKED","UNRESOLVED","UNRESOLVED","NOT REVIEWED","NOT REVIEWED","NOT REVIEWED","UNRESOLVED","BLOCKED - no approved vendor item","2026-07-30"
"09_Connectors_Test/J6","Connectors","UNRESOLVED","UNRESOLVED - CSR-01 BLOCKED","UNRESOLVED","UNRESOLVED","NOT REVIEWED","NOT REVIEWED","NOT REVIEWED","UNRESOLVED","BLOCKED - no approved vendor item","2026-07-30"
"09_Connectors_Test/J7","Connectors","UNRESOLVED","UNRESOLVED - CSR-01 BLOCKED","UNRESOLVED","UNRESOLVED","NOT REVIEWED","NOT REVIEWED","NOT REVIEWED","UNRESOLVED","BLOCKED - no approved vendor item","2026-07-30"
"09_Connectors_Test/J8A","Connectors","UNRESOLVED","UNRESOLVED - CSR-01 BLOCKED","UNRESOLVED","UNRESOLVED","NOT REVIEWED","NOT REVIEWED","NOT REVIEWED","UNRESOLVED","BLOCKED - no approved vendor item","2026-07-30"
"09_Connectors_Test/J8B","Connectors","UNRESOLVED","UNRESOLVED - CSR-01 BLOCKED","UNRESOLVED","UNRESOLVED","NOT REVIEWED","NOT REVIEWED","NOT REVIEWED","UNRESOLVED","BLOCKED - no approved vendor item","2026-07-30"
"09_Connectors_Test/J9","Connectors","UNRESOLVED","UNRESOLVED - CSR-01 BLOCKED","UNRESOLVED","UNRESOLVED","NOT REVIEWED","NOT REVIEWED","NOT REVIEWED","UNRESOLVED","BLOCKED - no approved vendor item","2026-07-30"
"02_Power_Conversion/U6","Displays","UNRESOLVED","UNRESOLVED - CSR-01 BLOCKED","UNRESOLVED","UNRESOLVED","NOT REVIEWED","NOT REVIEWED","NOT REVIEWED","UNRESOLVED","BLOCKED - no approved vendor item","2026-07-30"
"07_UI_Peripherals/U4","Displays","UNRESOLVED","UNRESOLVED - CSR-01 BLOCKED","UNRESOLVED","UNRESOLVED","NOT REVIEWED","NOT REVIEWED","NOT REVIEWED","UNRESOLVED","BLOCKED - no approved vendor item","2026-07-30"
"07_UI_Peripherals/U6","Displays","UNRESOLVED","UNRESOLVED - CSR-01 BLOCKED","UNRESOLVED","UNRESOLVED","NOT REVIEWED","NOT REVIEWED","NOT REVIEWED","UNRESOLVED","BLOCKED - no approved vendor item","2026-07-30"
"03_ESP32_Core/U1","ESP32","UNRESOLVED","UNRESOLVED - CSR-01 BLOCKED","UNRESOLVED","UNRESOLVED","NOT REVIEWED","NOT REVIEWED","NOT REVIEWED","UNRESOLVED","BLOCKED - no approved vendor item","2026-07-30"
"02_Power_Conversion/U10","I2C","UNRESOLVED","UNRESOLVED - CSR-01 BLOCKED","UNRESOLVED","UNRESOLVED","NOT REVIEWED","NOT REVIEWED","NOT REVIEWED","UNRESOLVED","BLOCKED - no approved vendor item","2026-07-30"
"02_Power_Conversion/U11","I2C","UNRESOLVED","UNRESOLVED - CSR-01 BLOCKED","UNRESOLVED","UNRESOLVED","NOT REVIEWED","NOT REVIEWED","NOT REVIEWED","UNRESOLVED","BLOCKED - no approved vendor item","2026-07-30"
"07_UI_Peripherals/U2","I2C","UNRESOLVED","UNRESOLVED - CSR-01 BLOCKED","UNRESOLVED","UNRESOLVED","NOT REVIEWED","NOT REVIEWED","NOT REVIEWED","UNRESOLVED","BLOCKED - no approved vendor item","2026-07-30"
"08_Expansion/U2","I2C","UNRESOLVED","UNRESOLVED - CSR-01 BLOCKED","UNRESOLVED","UNRESOLVED","NOT REVIEWED","NOT REVIEWED","NOT REVIEWED","UNRESOLVED","BLOCKED - no approved vendor item","2026-07-30"
"02_Power_Conversion/U4","Logic","UNRESOLVED","UNRESOLVED - CSR-01 BLOCKED","UNRESOLVED","UNRESOLVED","NOT REVIEWED","NOT REVIEWED","NOT REVIEWED","UNRESOLVED","BLOCKED - no approved vendor item","2026-07-30"
"02_Power_Conversion/U5","Logic","UNRESOLVED","UNRESOLVED - CSR-01 BLOCKED","UNRESOLVED","UNRESOLVED","NOT REVIEWED","NOT REVIEWED","NOT REVIEWED","UNRESOLVED","BLOCKED - no approved vendor item","2026-07-30"
"03_ESP32_Core/U2","Logic","UNRESOLVED","UNRESOLVED - CSR-01 BLOCKED","UNRESOLVED","UNRESOLVED","NOT REVIEWED","NOT REVIEWED","NOT REVIEWED","UNRESOLVED","BLOCKED - no approved vendor item","2026-07-30"
"05_Motor_Interfaces/U1","Logic","UNRESOLVED","UNRESOLVED - CSR-01 BLOCKED","UNRESOLVED","UNRESOLVED","NOT REVIEWED","NOT REVIEWED","NOT REVIEWED","UNRESOLVED","BLOCKED - no approved vendor item","2026-07-30"
"05_Motor_Interfaces/U2","Logic","UNRESOLVED","UNRESOLVED - CSR-01 BLOCKED","UNRESOLVED","UNRESOLVED","NOT REVIEWED","NOT REVIEWED","NOT REVIEWED","UNRESOLVED","BLOCKED - no approved vendor item","2026-07-30"
"05_Motor_Interfaces/U3","Logic","UNRESOLVED","UNRESOLVED - CSR-01 BLOCKED","UNRESOLVED","UNRESOLVED","NOT REVIEWED","NOT REVIEWED","NOT REVIEWED","UNRESOLVED","BLOCKED - no approved vendor item","2026-07-30"
"05_Motor_Interfaces/U4","Logic","UNRESOLVED","UNRESOLVED - CSR-01 BLOCKED","UNRESOLVED","UNRESOLVED","NOT REVIEWED","NOT REVIEWED","NOT REVIEWED","UNRESOLVED","BLOCKED - no approved vendor item","2026-07-30"
"05_Motor_Interfaces/U5","Logic","UNRESOLVED","UNRESOLVED - CSR-01 BLOCKED","UNRESOLVED","UNRESOLVED","NOT REVIEWED","NOT REVIEWED","NOT REVIEWED","UNRESOLVED","BLOCKED - no approved vendor item","2026-07-30"
"06_Relay_MasterInhibit/U2","Logic","UNRESOLVED","UNRESOLVED - CSR-01 BLOCKED","UNRESOLVED","UNRESOLVED","NOT REVIEWED","NOT REVIEWED","NOT REVIEWED","UNRESOLVED","BLOCKED - no approved vendor item","2026-07-30"
"06_Relay_MasterInhibit/U3","Logic","UNRESOLVED","UNRESOLVED - CSR-01 BLOCKED","UNRESOLVED","UNRESOLVED","NOT REVIEWED","NOT REVIEWED","NOT REVIEWED","UNRESOLVED","BLOCKED - no approved vendor item","2026-07-30"
"07_UI_Peripherals/U1","Logic","UNRESOLVED","UNRESOLVED - CSR-01 BLOCKED","UNRESOLVED","UNRESOLVED","NOT REVIEWED","NOT REVIEWED","NOT REVIEWED","UNRESOLVED","BLOCKED - no approved vendor item","2026-07-30"
"07_UI_Peripherals/U3","Logic","UNRESOLVED","UNRESOLVED - CSR-01 BLOCKED","UNRESOLVED","UNRESOLVED","NOT REVIEWED","NOT REVIEWED","NOT REVIEWED","UNRESOLVED","BLOCKED - no approved vendor item","2026-07-30"
"01_Power_Entry/Q1","MOSFETs","UNRESOLVED","UNRESOLVED - CSR-01 BLOCKED","UNRESOLVED","UNRESOLVED","NOT REVIEWED","NOT REVIEWED","NOT REVIEWED","UNRESOLVED","BLOCKED - no approved vendor item","2026-07-30"
"01_Power_Entry/Q2","MOSFETs","UNRESOLVED","UNRESOLVED - CSR-01 BLOCKED","UNRESOLVED","UNRESOLVED","NOT REVIEWED","NOT REVIEWED","NOT REVIEWED","UNRESOLVED","BLOCKED - no approved vendor item","2026-07-30"
"06_Relay_MasterInhibit/Q1","MOSFETs","UNRESOLVED","UNRESOLVED - CSR-01 BLOCKED","UNRESOLVED","UNRESOLVED","NOT REVIEWED","NOT REVIEWED","NOT REVIEWED","UNRESOLVED","BLOCKED - no approved vendor item","2026-07-30"
"07_UI_Peripherals/Q1","MOSFETs","UNRESOLVED","UNRESOLVED - CSR-01 BLOCKED","UNRESOLVED","UNRESOLVED","NOT REVIEWED","NOT REVIEWED","NOT REVIEWED","UNRESOLVED","BLOCKED - no approved vendor item","2026-07-30"
"01_Power_Entry/C1","Passives","UNRESOLVED","UNRESOLVED - CSR-01 BLOCKED","UNRESOLVED","UNRESOLVED","NOT REVIEWED","NOT REVIEWED","NOT REVIEWED","UNRESOLVED","BLOCKED - no approved vendor item","2026-07-30"
"01_Power_Entry/C2","Passives","UNRESOLVED","UNRESOLVED - CSR-01 BLOCKED","UNRESOLVED","UNRESOLVED","NOT REVIEWED","NOT REVIEWED","NOT REVIEWED","UNRESOLVED","BLOCKED - no approved vendor item","2026-07-30"
"01_Power_Entry/C3","Passives","UNRESOLVED","UNRESOLVED - CSR-01 BLOCKED","UNRESOLVED","UNRESOLVED","NOT REVIEWED","NOT REVIEWED","NOT REVIEWED","UNRESOLVED","BLOCKED - no approved vendor item","2026-07-30"
"01_Power_Entry/C4","Passives","UNRESOLVED","UNRESOLVED - CSR-01 BLOCKED","UNRESOLVED","UNRESOLVED","NOT REVIEWED","NOT REVIEWED","NOT REVIEWED","UNRESOLVED","BLOCKED - no approved vendor item","2026-07-30"
"01_Power_Entry/C5","Passives","UNRESOLVED","UNRESOLVED - CSR-01 BLOCKED","UNRESOLVED","UNRESOLVED","NOT REVIEWED","NOT REVIEWED","NOT REVIEWED","UNRESOLVED","BLOCKED - no approved vendor item","2026-07-30"
"01_Power_Entry/C6","Passives","UNRESOLVED","UNRESOLVED - CSR-01 BLOCKED","UNRESOLVED","UNRESOLVED","NOT REVIEWED","NOT REVIEWED","NOT REVIEWED","UNRESOLVED","BLOCKED - no approved vendor item","2026-07-30"
"01_Power_Entry/C7","Passives","UNRESOLVED","UNRESOLVED - CSR-01 BLOCKED","UNRESOLVED","UNRESOLVED","NOT REVIEWED","NOT REVIEWED","NOT REVIEWED","UNRESOLVED","BLOCKED - no approved vendor item","2026-07-30"
"01_Power_Entry/C8","Passives","UNRESOLVED","UNRESOLVED - CSR-01 BLOCKED","UNRESOLVED","UNRESOLVED","NOT REVIEWED","NOT REVIEWED","NOT REVIEWED","UNRESOLVED","BLOCKED - no approved vendor item","2026-07-30"
"01_Power_Entry/C9","Passives","UNRESOLVED","UNRESOLVED - CSR-01 BLOCKED","UNRESOLVED","UNRESOLVED","NOT REVIEWED","NOT REVIEWED","NOT REVIEWED","UNRESOLVED","BLOCKED - no approved vendor item","2026-07-30"
"01_Power_Entry/L1","Passives","UNRESOLVED","UNRESOLVED - CSR-01 BLOCKED","UNRESOLVED","UNRESOLVED","NOT REVIEWED","NOT REVIEWED","NOT REVIEWED","UNRESOLVED","BLOCKED - no approved vendor item","2026-07-30"
"01_Power_Entry/R1","Passives","UNRESOLVED","UNRESOLVED - CSR-01 BLOCKED","UNRESOLVED","UNRESOLVED","NOT REVIEWED","NOT REVIEWED","NOT REVIEWED","UNRESOLVED","BLOCKED - no approved vendor item","2026-07-30"
"01_Power_Entry/R10","Passives","UNRESOLVED","UNRESOLVED - CSR-01 BLOCKED","UNRESOLVED","UNRESOLVED","NOT REVIEWED","NOT REVIEWED","NOT REVIEWED","UNRESOLVED","BLOCKED - no approved vendor item","2026-07-30"
"01_Power_Entry/R11","Passives","UNRESOLVED","UNRESOLVED - CSR-01 BLOCKED","UNRESOLVED","UNRESOLVED","NOT REVIEWED","NOT REVIEWED","NOT REVIEWED","UNRESOLVED","BLOCKED - no approved vendor item","2026-07-30"
"01_Power_Entry/R12","Passives","UNRESOLVED","UNRESOLVED - CSR-01 BLOCKED","UNRESOLVED","UNRESOLVED","NOT REVIEWED","NOT REVIEWED","NOT REVIEWED","UNRESOLVED","BLOCKED - no approved vendor item","2026-07-30"
"01_Power_Entry/R13","Passives","UNRESOLVED","UNRESOLVED - CSR-01 BLOCKED","UNRESOLVED","UNRESOLVED","NOT REVIEWED","NOT REVIEWED","NOT REVIEWED","UNRESOLVED","BLOCKED - no approved vendor item","2026-07-30"
"01_Power_Entry/R14","Passives","UNRESOLVED","UNRESOLVED - CSR-01 BLOCKED","UNRESOLVED","UNRESOLVED","NOT REVIEWED","NOT REVIEWED","NOT REVIEWED","UNRESOLVED","BLOCKED - no approved vendor item","2026-07-30"
"01_Power_Entry/R15","Passives","UNRESOLVED","UNRESOLVED - CSR-01 BLOCKED","UNRESOLVED","UNRESOLVED","NOT REVIEWED","NOT REVIEWED","NOT REVIEWED","UNRESOLVED","BLOCKED - no approved vendor item","2026-07-30"
"01_Power_Entry/R16","Passives","UNRESOLVED","UNRESOLVED - CSR-01 BLOCKED","UNRESOLVED","UNRESOLVED","NOT REVIEWED","NOT REVIEWED","NOT REVIEWED","UNRESOLVED","BLOCKED - no approved vendor item","2026-07-30"
"01_Power_Entry/R2","Passives","UNRESOLVED","UNRESOLVED - CSR-01 BLOCKED","UNRESOLVED","UNRESOLVED","NOT REVIEWED","NOT REVIEWED","NOT REVIEWED","UNRESOLVED","BLOCKED - no approved vendor item","2026-07-30"
"01_Power_Entry/R3","Passives","UNRESOLVED","UNRESOLVED - CSR-01 BLOCKED","UNRESOLVED","UNRESOLVED","NOT REVIEWED","NOT REVIEWED","NOT REVIEWED","UNRESOLVED","BLOCKED - no approved vendor item","2026-07-30"
"01_Power_Entry/R4","Passives","UNRESOLVED","UNRESOLVED - CSR-01 BLOCKED","UNRESOLVED","UNRESOLVED","NOT REVIEWED","NOT REVIEWED","NOT REVIEWED","UNRESOLVED","BLOCKED - no approved vendor item","2026-07-30"
"01_Power_Entry/R5","Passives","UNRESOLVED","UNRESOLVED - CSR-01 BLOCKED","UNRESOLVED","UNRESOLVED","NOT REVIEWED","NOT REVIEWED","NOT REVIEWED","UNRESOLVED","BLOCKED - no approved vendor item","2026-07-30"
"01_Power_Entry/R6","Passives","UNRESOLVED","UNRESOLVED - CSR-01 BLOCKED","UNRESOLVED","UNRESOLVED","NOT REVIEWED","NOT REVIEWED","NOT REVIEWED","UNRESOLVED","BLOCKED - no approved vendor item","2026-07-30"
"01_Power_Entry/R7","Passives","UNRESOLVED","UNRESOLVED - CSR-01 BLOCKED","UNRESOLVED","UNRESOLVED","NOT REVIEWED","NOT REVIEWED","NOT REVIEWED","UNRESOLVED","BLOCKED - no approved vendor item","2026-07-30"
"01_Power_Entry/R8","Passives","UNRESOLVED","UNRESOLVED - CSR-01 BLOCKED","UNRESOLVED","UNRESOLVED","NOT REVIEWED","NOT REVIEWED","NOT REVIEWED","UNRESOLVED","BLOCKED - no approved vendor item","2026-07-30"
"01_Power_Entry/R9","Passives","UNRESOLVED","UNRESOLVED - CSR-01 BLOCKED","UNRESOLVED","UNRESOLVED","NOT REVIEWED","NOT REVIEWED","NOT REVIEWED","UNRESOLVED","BLOCKED - no approved vendor item","2026-07-30"
"02_Power_Conversion/C1","Passives","UNRESOLVED","UNRESOLVED - CSR-01 BLOCKED","UNRESOLVED","UNRESOLVED","NOT REVIEWED","NOT REVIEWED","NOT REVIEWED","UNRESOLVED","BLOCKED - no approved vendor item","2026-07-30"
"02_Power_Conversion/C10","Passives","UNRESOLVED","UNRESOLVED - CSR-01 BLOCKED","UNRESOLVED","UNRESOLVED","NOT REVIEWED","NOT REVIEWED","NOT REVIEWED","UNRESOLVED","BLOCKED - no approved vendor item","2026-07-30"
"02_Power_Conversion/C11","Passives","UNRESOLVED","UNRESOLVED - CSR-01 BLOCKED","UNRESOLVED","UNRESOLVED","NOT REVIEWED","NOT REVIEWED","NOT REVIEWED","UNRESOLVED","BLOCKED - no approved vendor item","2026-07-30"
"02_Power_Conversion/C12","Passives","UNRESOLVED","UNRESOLVED - CSR-01 BLOCKED","UNRESOLVED","UNRESOLVED","NOT REVIEWED","NOT REVIEWED","NOT REVIEWED","UNRESOLVED","BLOCKED - no approved vendor item","2026-07-30"
"02_Power_Conversion/C13","Passives","UNRESOLVED","UNRESOLVED - CSR-01 BLOCKED","UNRESOLVED","UNRESOLVED","NOT REVIEWED","NOT REVIEWED","NOT REVIEWED","UNRESOLVED","BLOCKED - no approved vendor item","2026-07-30"
"02_Power_Conversion/C14","Passives","UNRESOLVED","UNRESOLVED - CSR-01 BLOCKED","UNRESOLVED","UNRESOLVED","NOT REVIEWED","NOT REVIEWED","NOT REVIEWED","UNRESOLVED","BLOCKED - no approved vendor item","2026-07-30"
"02_Power_Conversion/C15","Passives","UNRESOLVED","UNRESOLVED - CSR-01 BLOCKED","UNRESOLVED","UNRESOLVED","NOT REVIEWED","NOT REVIEWED","NOT REVIEWED","UNRESOLVED","BLOCKED - no approved vendor item","2026-07-30"
"02_Power_Conversion/C16","Passives","UNRESOLVED","UNRESOLVED - CSR-01 BLOCKED","UNRESOLVED","UNRESOLVED","NOT REVIEWED","NOT REVIEWED","NOT REVIEWED","UNRESOLVED","BLOCKED - no approved vendor item","2026-07-30"
"02_Power_Conversion/C17","Passives","UNRESOLVED","UNRESOLVED - CSR-01 BLOCKED","UNRESOLVED","UNRESOLVED","NOT REVIEWED","NOT REVIEWED","NOT REVIEWED","UNRESOLVED","BLOCKED - no approved vendor item","2026-07-30"
"02_Power_Conversion/C18","Passives","UNRESOLVED","UNRESOLVED - CSR-01 BLOCKED","UNRESOLVED","UNRESOLVED","NOT REVIEWED","NOT REVIEWED","NOT REVIEWED","UNRESOLVED","BLOCKED - no approved vendor item","2026-07-30"
"02_Power_Conversion/C19","Passives","UNRESOLVED","UNRESOLVED - CSR-01 BLOCKED","UNRESOLVED","UNRESOLVED","NOT REVIEWED","NOT REVIEWED","NOT REVIEWED","UNRESOLVED","BLOCKED - no approved vendor item","2026-07-30"
"02_Power_Conversion/C2","Passives","UNRESOLVED","UNRESOLVED - CSR-01 BLOCKED","UNRESOLVED","UNRESOLVED","NOT REVIEWED","NOT REVIEWED","NOT REVIEWED","UNRESOLVED","BLOCKED - no approved vendor item","2026-07-30"
"02_Power_Conversion/C20","Passives","UNRESOLVED","UNRESOLVED - CSR-01 BLOCKED","UNRESOLVED","UNRESOLVED","NOT REVIEWED","NOT REVIEWED","NOT REVIEWED","UNRESOLVED","BLOCKED - no approved vendor item","2026-07-30"
"02_Power_Conversion/C21","Passives","UNRESOLVED","UNRESOLVED - CSR-01 BLOCKED","UNRESOLVED","UNRESOLVED","NOT REVIEWED","NOT REVIEWED","NOT REVIEWED","UNRESOLVED","BLOCKED - no approved vendor item","2026-07-30"
"02_Power_Conversion/C3","Passives","UNRESOLVED","UNRESOLVED - CSR-01 BLOCKED","UNRESOLVED","UNRESOLVED","NOT REVIEWED","NOT REVIEWED","NOT REVIEWED","UNRESOLVED","BLOCKED - no approved vendor item","2026-07-30"
"02_Power_Conversion/C4","Passives","UNRESOLVED","UNRESOLVED - CSR-01 BLOCKED","UNRESOLVED","UNRESOLVED","NOT REVIEWED","NOT REVIEWED","NOT REVIEWED","UNRESOLVED","BLOCKED - no approved vendor item","2026-07-30"
"02_Power_Conversion/C5","Passives","UNRESOLVED","UNRESOLVED - CSR-01 BLOCKED","UNRESOLVED","UNRESOLVED","NOT REVIEWED","NOT REVIEWED","NOT REVIEWED","UNRESOLVED","BLOCKED - no approved vendor item","2026-07-30"
"02_Power_Conversion/C6","Passives","UNRESOLVED","UNRESOLVED - CSR-01 BLOCKED","UNRESOLVED","UNRESOLVED","NOT REVIEWED","NOT REVIEWED","NOT REVIEWED","UNRESOLVED","BLOCKED - no approved vendor item","2026-07-30"
"02_Power_Conversion/C7","Passives","UNRESOLVED","UNRESOLVED - CSR-01 BLOCKED","UNRESOLVED","UNRESOLVED","NOT REVIEWED","NOT REVIEWED","NOT REVIEWED","UNRESOLVED","BLOCKED - no approved vendor item","2026-07-30"
"02_Power_Conversion/C8","Passives","UNRESOLVED","UNRESOLVED - CSR-01 BLOCKED","UNRESOLVED","UNRESOLVED","NOT REVIEWED","NOT REVIEWED","NOT REVIEWED","UNRESOLVED","BLOCKED - no approved vendor item","2026-07-30"
"02_Power_Conversion/C9","Passives","UNRESOLVED","UNRESOLVED - CSR-01 BLOCKED","UNRESOLVED","UNRESOLVED","NOT REVIEWED","NOT REVIEWED","NOT REVIEWED","UNRESOLVED","BLOCKED - no approved vendor item","2026-07-30"
"02_Power_Conversion/L1","Passives","UNRESOLVED","UNRESOLVED - CSR-01 BLOCKED","UNRESOLVED","UNRESOLVED","NOT REVIEWED","NOT REVIEWED","NOT REVIEWED","UNRESOLVED","BLOCKED - no approved vendor item","2026-07-30"
"02_Power_Conversion/L2","Passives","UNRESOLVED","UNRESOLVED - CSR-01 BLOCKED","UNRESOLVED","UNRESOLVED","NOT REVIEWED","NOT REVIEWED","NOT REVIEWED","UNRESOLVED","BLOCKED - no approved vendor item","2026-07-30"
"02_Power_Conversion/R1","Passives","UNRESOLVED","UNRESOLVED - CSR-01 BLOCKED","UNRESOLVED","UNRESOLVED","NOT REVIEWED","NOT REVIEWED","NOT REVIEWED","UNRESOLVED","BLOCKED - no approved vendor item","2026-07-30"
"02_Power_Conversion/R10","Passives","UNRESOLVED","UNRESOLVED - CSR-01 BLOCKED","UNRESOLVED","UNRESOLVED","NOT REVIEWED","NOT REVIEWED","NOT REVIEWED","UNRESOLVED","BLOCKED - no approved vendor item","2026-07-30"
"02_Power_Conversion/R11","Passives","UNRESOLVED","UNRESOLVED - CSR-01 BLOCKED","UNRESOLVED","UNRESOLVED","NOT REVIEWED","NOT REVIEWED","NOT REVIEWED","UNRESOLVED","BLOCKED - no approved vendor item","2026-07-30"
"02_Power_Conversion/R12","Passives","UNRESOLVED","UNRESOLVED - CSR-01 BLOCKED","UNRESOLVED","UNRESOLVED","NOT REVIEWED","NOT REVIEWED","NOT REVIEWED","UNRESOLVED","BLOCKED - no approved vendor item","2026-07-30"
"02_Power_Conversion/R13","Passives","UNRESOLVED","UNRESOLVED - CSR-01 BLOCKED","UNRESOLVED","UNRESOLVED","NOT REVIEWED","NOT REVIEWED","NOT REVIEWED","UNRESOLVED","BLOCKED - no approved vendor item","2026-07-30"
"02_Power_Conversion/R14","Passives","UNRESOLVED","UNRESOLVED - CSR-01 BLOCKED","UNRESOLVED","UNRESOLVED","NOT REVIEWED","NOT REVIEWED","NOT REVIEWED","UNRESOLVED","BLOCKED - no approved vendor item","2026-07-30"
"02_Power_Conversion/R15","Passives","UNRESOLVED","UNRESOLVED - CSR-01 BLOCKED","UNRESOLVED","UNRESOLVED","NOT REVIEWED","NOT REVIEWED","NOT REVIEWED","UNRESOLVED","BLOCKED - no approved vendor item","2026-07-30"
"02_Power_Conversion/R16","Passives","UNRESOLVED","UNRESOLVED - CSR-01 BLOCKED","UNRESOLVED","UNRESOLVED","NOT REVIEWED","NOT REVIEWED","NOT REVIEWED","UNRESOLVED","BLOCKED - no approved vendor item","2026-07-30"
"02_Power_Conversion/R17","Passives","UNRESOLVED","UNRESOLVED - CSR-01 BLOCKED","UNRESOLVED","UNRESOLVED","NOT REVIEWED","NOT REVIEWED","NOT REVIEWED","UNRESOLVED","BLOCKED - no approved vendor item","2026-07-30"
"02_Power_Conversion/R18","Passives","UNRESOLVED","UNRESOLVED - CSR-01 BLOCKED","UNRESOLVED","UNRESOLVED","NOT REVIEWED","NOT REVIEWED","NOT REVIEWED","UNRESOLVED","BLOCKED - no approved vendor item","2026-07-30"
"02_Power_Conversion/R19","Passives","UNRESOLVED","UNRESOLVED - CSR-01 BLOCKED","UNRESOLVED","UNRESOLVED","NOT REVIEWED","NOT REVIEWED","NOT REVIEWED","UNRESOLVED","BLOCKED - no approved vendor item","2026-07-30"
"02_Power_Conversion/R2","Passives","UNRESOLVED","UNRESOLVED - CSR-01 BLOCKED","UNRESOLVED","UNRESOLVED","NOT REVIEWED","NOT REVIEWED","NOT REVIEWED","UNRESOLVED","BLOCKED - no approved vendor item","2026-07-30"
"02_Power_Conversion/R20","Passives","UNRESOLVED","UNRESOLVED - CSR-01 BLOCKED","UNRESOLVED","UNRESOLVED","NOT REVIEWED","NOT REVIEWED","NOT REVIEWED","UNRESOLVED","BLOCKED - no approved vendor item","2026-07-30"
"02_Power_Conversion/R21","Passives","UNRESOLVED","UNRESOLVED - CSR-01 BLOCKED","UNRESOLVED","UNRESOLVED","NOT REVIEWED","NOT REVIEWED","NOT REVIEWED","UNRESOLVED","BLOCKED - no approved vendor item","2026-07-30"
"02_Power_Conversion/R22","Passives","UNRESOLVED","UNRESOLVED - CSR-01 BLOCKED","UNRESOLVED","UNRESOLVED","NOT REVIEWED","NOT REVIEWED","NOT REVIEWED","UNRESOLVED","BLOCKED - no approved vendor item","2026-07-30"
"02_Power_Conversion/R23","Passives","UNRESOLVED","UNRESOLVED - CSR-01 BLOCKED","UNRESOLVED","UNRESOLVED","NOT REVIEWED","NOT REVIEWED","NOT REVIEWED","UNRESOLVED","BLOCKED - no approved vendor item","2026-07-30"
"02_Power_Conversion/R24","Passives","UNRESOLVED","UNRESOLVED - CSR-01 BLOCKED","UNRESOLVED","UNRESOLVED","NOT REVIEWED","NOT REVIEWED","NOT REVIEWED","UNRESOLVED","BLOCKED - no approved vendor item","2026-07-30"
"02_Power_Conversion/R25","Passives","UNRESOLVED","UNRESOLVED - CSR-01 BLOCKED","UNRESOLVED","UNRESOLVED","NOT REVIEWED","NOT REVIEWED","NOT REVIEWED","UNRESOLVED","BLOCKED - no approved vendor item","2026-07-30"
"02_Power_Conversion/R26","Passives","UNRESOLVED","UNRESOLVED - CSR-01 BLOCKED","UNRESOLVED","UNRESOLVED","NOT REVIEWED","NOT REVIEWED","NOT REVIEWED","UNRESOLVED","BLOCKED - no approved vendor item","2026-07-30"
"02_Power_Conversion/R27","Passives","UNRESOLVED","UNRESOLVED - CSR-01 BLOCKED","UNRESOLVED","UNRESOLVED","NOT REVIEWED","NOT REVIEWED","NOT REVIEWED","UNRESOLVED","BLOCKED - no approved vendor item","2026-07-30"
"02_Power_Conversion/R28","Passives","UNRESOLVED","UNRESOLVED - CSR-01 BLOCKED","UNRESOLVED","UNRESOLVED","NOT REVIEWED","NOT REVIEWED","NOT REVIEWED","UNRESOLVED","BLOCKED - no approved vendor item","2026-07-30"
"02_Power_Conversion/R29","Passives","UNRESOLVED","UNRESOLVED - CSR-01 BLOCKED","UNRESOLVED","UNRESOLVED","NOT REVIEWED","NOT REVIEWED","NOT REVIEWED","UNRESOLVED","BLOCKED - no approved vendor item","2026-07-30"
"02_Power_Conversion/R3","Passives","UNRESOLVED","UNRESOLVED - CSR-01 BLOCKED","UNRESOLVED","UNRESOLVED","NOT REVIEWED","NOT REVIEWED","NOT REVIEWED","UNRESOLVED","BLOCKED - no approved vendor item","2026-07-30"
"02_Power_Conversion/R30","Passives","UNRESOLVED","UNRESOLVED - CSR-01 BLOCKED","UNRESOLVED","UNRESOLVED","NOT REVIEWED","NOT REVIEWED","NOT REVIEWED","UNRESOLVED","BLOCKED - no approved vendor item","2026-07-30"
"02_Power_Conversion/R31","Passives","UNRESOLVED","UNRESOLVED - CSR-01 BLOCKED","UNRESOLVED","UNRESOLVED","NOT REVIEWED","NOT REVIEWED","NOT REVIEWED","UNRESOLVED","BLOCKED - no approved vendor item","2026-07-30"
"02_Power_Conversion/R4","Passives","UNRESOLVED","UNRESOLVED - CSR-01 BLOCKED","UNRESOLVED","UNRESOLVED","NOT REVIEWED","NOT REVIEWED","NOT REVIEWED","UNRESOLVED","BLOCKED - no approved vendor item","2026-07-30"
"02_Power_Conversion/R5","Passives","UNRESOLVED","UNRESOLVED - CSR-01 BLOCKED","UNRESOLVED","UNRESOLVED","NOT REVIEWED","NOT REVIEWED","NOT REVIEWED","UNRESOLVED","BLOCKED - no approved vendor item","2026-07-30"
"02_Power_Conversion/R6","Passives","UNRESOLVED","UNRESOLVED - CSR-01 BLOCKED","UNRESOLVED","UNRESOLVED","NOT REVIEWED","NOT REVIEWED","NOT REVIEWED","UNRESOLVED","BLOCKED - no approved vendor item","2026-07-30"
"02_Power_Conversion/R7","Passives","UNRESOLVED","UNRESOLVED - CSR-01 BLOCKED","UNRESOLVED","UNRESOLVED","NOT REVIEWED","NOT REVIEWED","NOT REVIEWED","UNRESOLVED","BLOCKED - no approved vendor item","2026-07-30"
"02_Power_Conversion/R8","Passives","UNRESOLVED","UNRESOLVED - CSR-01 BLOCKED","UNRESOLVED","UNRESOLVED","NOT REVIEWED","NOT REVIEWED","NOT REVIEWED","UNRESOLVED","BLOCKED - no approved vendor item","2026-07-30"
"02_Power_Conversion/R9","Passives","UNRESOLVED","UNRESOLVED - CSR-01 BLOCKED","UNRESOLVED","UNRESOLVED","NOT REVIEWED","NOT REVIEWED","NOT REVIEWED","UNRESOLVED","BLOCKED - no approved vendor item","2026-07-30"
"03_ESP32_Core/C1","Passives","UNRESOLVED","UNRESOLVED - CSR-01 BLOCKED","UNRESOLVED","UNRESOLVED","NOT REVIEWED","NOT REVIEWED","NOT REVIEWED","UNRESOLVED","BLOCKED - no approved vendor item","2026-07-30"
"03_ESP32_Core/C2","Passives","UNRESOLVED","UNRESOLVED - CSR-01 BLOCKED","UNRESOLVED","UNRESOLVED","NOT REVIEWED","NOT REVIEWED","NOT REVIEWED","UNRESOLVED","BLOCKED - no approved vendor item","2026-07-30"
"03_ESP32_Core/C3","Passives","UNRESOLVED","UNRESOLVED - CSR-01 BLOCKED","UNRESOLVED","UNRESOLVED","NOT REVIEWED","NOT REVIEWED","NOT REVIEWED","UNRESOLVED","BLOCKED - no approved vendor item","2026-07-30"
"03_ESP32_Core/C4","Passives","UNRESOLVED","UNRESOLVED - CSR-01 BLOCKED","UNRESOLVED","UNRESOLVED","NOT REVIEWED","NOT REVIEWED","NOT REVIEWED","UNRESOLVED","BLOCKED - no approved vendor item","2026-07-30"
"03_ESP32_Core/C5","Passives","UNRESOLVED","UNRESOLVED - CSR-01 BLOCKED","UNRESOLVED","UNRESOLVED","NOT REVIEWED","NOT REVIEWED","NOT REVIEWED","UNRESOLVED","BLOCKED - no approved vendor item","2026-07-30"
"03_ESP32_Core/C6","Passives","UNRESOLVED","UNRESOLVED - CSR-01 BLOCKED","UNRESOLVED","UNRESOLVED","NOT REVIEWED","NOT REVIEWED","NOT REVIEWED","UNRESOLVED","BLOCKED - no approved vendor item","2026-07-30"
"03_ESP32_Core/R1","Passives","UNRESOLVED","UNRESOLVED - CSR-01 BLOCKED","UNRESOLVED","UNRESOLVED","NOT REVIEWED","NOT REVIEWED","NOT REVIEWED","UNRESOLVED","BLOCKED - no approved vendor item","2026-07-30"
"03_ESP32_Core/R2","Passives","UNRESOLVED","UNRESOLVED - CSR-01 BLOCKED","UNRESOLVED","UNRESOLVED","NOT REVIEWED","NOT REVIEWED","NOT REVIEWED","UNRESOLVED","BLOCKED - no approved vendor item","2026-07-30"
"03_ESP32_Core/R3","Passives","UNRESOLVED","UNRESOLVED - CSR-01 BLOCKED","UNRESOLVED","UNRESOLVED","NOT REVIEWED","NOT REVIEWED","NOT REVIEWED","UNRESOLVED","BLOCKED - no approved vendor item","2026-07-30"
"03_ESP32_Core/R4","Passives","UNRESOLVED","UNRESOLVED - CSR-01 BLOCKED","UNRESOLVED","UNRESOLVED","NOT REVIEWED","NOT REVIEWED","NOT REVIEWED","UNRESOLVED","BLOCKED - no approved vendor item","2026-07-30"
"03_ESP32_Core/R5","Passives","UNRESOLVED","UNRESOLVED - CSR-01 BLOCKED","UNRESOLVED","UNRESOLVED","NOT REVIEWED","NOT REVIEWED","NOT REVIEWED","UNRESOLVED","BLOCKED - no approved vendor item","2026-07-30"
"04_Safety_Inputs/C1","Passives","UNRESOLVED","UNRESOLVED - CSR-01 BLOCKED","UNRESOLVED","UNRESOLVED","NOT REVIEWED","NOT REVIEWED","NOT REVIEWED","UNRESOLVED","BLOCKED - no approved vendor item","2026-07-30"
"04_Safety_Inputs/C10","Passives","UNRESOLVED","UNRESOLVED - CSR-01 BLOCKED","UNRESOLVED","UNRESOLVED","NOT REVIEWED","NOT REVIEWED","NOT REVIEWED","UNRESOLVED","BLOCKED - no approved vendor item","2026-07-30"
"04_Safety_Inputs/C11","Passives","UNRESOLVED","UNRESOLVED - CSR-01 BLOCKED","UNRESOLVED","UNRESOLVED","NOT REVIEWED","NOT REVIEWED","NOT REVIEWED","UNRESOLVED","BLOCKED - no approved vendor item","2026-07-30"
"04_Safety_Inputs/C12","Passives","UNRESOLVED","UNRESOLVED - CSR-01 BLOCKED","UNRESOLVED","UNRESOLVED","NOT REVIEWED","NOT REVIEWED","NOT REVIEWED","UNRESOLVED","BLOCKED - no approved vendor item","2026-07-30"
"04_Safety_Inputs/C13","Passives","UNRESOLVED","UNRESOLVED - CSR-01 BLOCKED","UNRESOLVED","UNRESOLVED","NOT REVIEWED","NOT REVIEWED","NOT REVIEWED","UNRESOLVED","BLOCKED - no approved vendor item","2026-07-30"
"04_Safety_Inputs/C2","Passives","UNRESOLVED","UNRESOLVED - CSR-01 BLOCKED","UNRESOLVED","UNRESOLVED","NOT REVIEWED","NOT REVIEWED","NOT REVIEWED","UNRESOLVED","BLOCKED - no approved vendor item","2026-07-30"
"04_Safety_Inputs/C3","Passives","UNRESOLVED","UNRESOLVED - CSR-01 BLOCKED","UNRESOLVED","UNRESOLVED","NOT REVIEWED","NOT REVIEWED","NOT REVIEWED","UNRESOLVED","BLOCKED - no approved vendor item","2026-07-30"
"04_Safety_Inputs/C4","Passives","UNRESOLVED","UNRESOLVED - CSR-01 BLOCKED","UNRESOLVED","UNRESOLVED","NOT REVIEWED","NOT REVIEWED","NOT REVIEWED","UNRESOLVED","BLOCKED - no approved vendor item","2026-07-30"
"04_Safety_Inputs/C5","Passives","UNRESOLVED","UNRESOLVED - CSR-01 BLOCKED","UNRESOLVED","UNRESOLVED","NOT REVIEWED","NOT REVIEWED","NOT REVIEWED","UNRESOLVED","BLOCKED - no approved vendor item","2026-07-30"
"04_Safety_Inputs/C6","Passives","UNRESOLVED","UNRESOLVED - CSR-01 BLOCKED","UNRESOLVED","UNRESOLVED","NOT REVIEWED","NOT REVIEWED","NOT REVIEWED","UNRESOLVED","BLOCKED - no approved vendor item","2026-07-30"
"04_Safety_Inputs/C7","Passives","UNRESOLVED","UNRESOLVED - CSR-01 BLOCKED","UNRESOLVED","UNRESOLVED","NOT REVIEWED","NOT REVIEWED","NOT REVIEWED","UNRESOLVED","BLOCKED - no approved vendor item","2026-07-30"
"04_Safety_Inputs/C8","Passives","UNRESOLVED","UNRESOLVED - CSR-01 BLOCKED","UNRESOLVED","UNRESOLVED","NOT REVIEWED","NOT REVIEWED","NOT REVIEWED","UNRESOLVED","BLOCKED - no approved vendor item","2026-07-30"
"04_Safety_Inputs/C9","Passives","UNRESOLVED","UNRESOLVED - CSR-01 BLOCKED","UNRESOLVED","UNRESOLVED","NOT REVIEWED","NOT REVIEWED","NOT REVIEWED","UNRESOLVED","BLOCKED - no approved vendor item","2026-07-30"
"04_Safety_Inputs/R1","Passives","UNRESOLVED","UNRESOLVED - CSR-01 BLOCKED","UNRESOLVED","UNRESOLVED","NOT REVIEWED","NOT REVIEWED","NOT REVIEWED","UNRESOLVED","BLOCKED - no approved vendor item","2026-07-30"
"04_Safety_Inputs/R10","Passives","UNRESOLVED","UNRESOLVED - CSR-01 BLOCKED","UNRESOLVED","UNRESOLVED","NOT REVIEWED","NOT REVIEWED","NOT REVIEWED","UNRESOLVED","BLOCKED - no approved vendor item","2026-07-30"
"04_Safety_Inputs/R11","Passives","UNRESOLVED","UNRESOLVED - CSR-01 BLOCKED","UNRESOLVED","UNRESOLVED","NOT REVIEWED","NOT REVIEWED","NOT REVIEWED","UNRESOLVED","BLOCKED - no approved vendor item","2026-07-30"
"04_Safety_Inputs/R12","Passives","UNRESOLVED","UNRESOLVED - CSR-01 BLOCKED","UNRESOLVED","UNRESOLVED","NOT REVIEWED","NOT REVIEWED","NOT REVIEWED","UNRESOLVED","BLOCKED - no approved vendor item","2026-07-30"
"04_Safety_Inputs/R13","Passives","UNRESOLVED","UNRESOLVED - CSR-01 BLOCKED","UNRESOLVED","UNRESOLVED","NOT REVIEWED","NOT REVIEWED","NOT REVIEWED","UNRESOLVED","BLOCKED - no approved vendor item","2026-07-30"
"04_Safety_Inputs/R14","Passives","UNRESOLVED","UNRESOLVED - CSR-01 BLOCKED","UNRESOLVED","UNRESOLVED","NOT REVIEWED","NOT REVIEWED","NOT REVIEWED","UNRESOLVED","BLOCKED - no approved vendor item","2026-07-30"
"04_Safety_Inputs/R15","Passives","UNRESOLVED","UNRESOLVED - CSR-01 BLOCKED","UNRESOLVED","UNRESOLVED","NOT REVIEWED","NOT REVIEWED","NOT REVIEWED","UNRESOLVED","BLOCKED - no approved vendor item","2026-07-30"
"04_Safety_Inputs/R16","Passives","UNRESOLVED","UNRESOLVED - CSR-01 BLOCKED","UNRESOLVED","UNRESOLVED","NOT REVIEWED","NOT REVIEWED","NOT REVIEWED","UNRESOLVED","BLOCKED - no approved vendor item","2026-07-30"
"04_Safety_Inputs/R17","Passives","UNRESOLVED","UNRESOLVED - CSR-01 BLOCKED","UNRESOLVED","UNRESOLVED","NOT REVIEWED","NOT REVIEWED","NOT REVIEWED","UNRESOLVED","BLOCKED - no approved vendor item","2026-07-30"
"04_Safety_Inputs/R18","Passives","UNRESOLVED","UNRESOLVED - CSR-01 BLOCKED","UNRESOLVED","UNRESOLVED","NOT REVIEWED","NOT REVIEWED","NOT REVIEWED","UNRESOLVED","BLOCKED - no approved vendor item","2026-07-30"
"04_Safety_Inputs/R19","Passives","UNRESOLVED","UNRESOLVED - CSR-01 BLOCKED","UNRESOLVED","UNRESOLVED","NOT REVIEWED","NOT REVIEWED","NOT REVIEWED","UNRESOLVED","BLOCKED - no approved vendor item","2026-07-30"
"04_Safety_Inputs/R2","Passives","UNRESOLVED","UNRESOLVED - CSR-01 BLOCKED","UNRESOLVED","UNRESOLVED","NOT REVIEWED","NOT REVIEWED","NOT REVIEWED","UNRESOLVED","BLOCKED - no approved vendor item","2026-07-30"
"04_Safety_Inputs/R20","Passives","UNRESOLVED","UNRESOLVED - CSR-01 BLOCKED","UNRESOLVED","UNRESOLVED","NOT REVIEWED","NOT REVIEWED","NOT REVIEWED","UNRESOLVED","BLOCKED - no approved vendor item","2026-07-30"
"04_Safety_Inputs/R21","Passives","UNRESOLVED","UNRESOLVED - CSR-01 BLOCKED","UNRESOLVED","UNRESOLVED","NOT REVIEWED","NOT REVIEWED","NOT REVIEWED","UNRESOLVED","BLOCKED - no approved vendor item","2026-07-30"
"04_Safety_Inputs/R22","Passives","UNRESOLVED","UNRESOLVED - CSR-01 BLOCKED","UNRESOLVED","UNRESOLVED","NOT REVIEWED","NOT REVIEWED","NOT REVIEWED","UNRESOLVED","BLOCKED - no approved vendor item","2026-07-30"
"04_Safety_Inputs/R23","Passives","UNRESOLVED","UNRESOLVED - CSR-01 BLOCKED","UNRESOLVED","UNRESOLVED","NOT REVIEWED","NOT REVIEWED","NOT REVIEWED","UNRESOLVED","BLOCKED - no approved vendor item","2026-07-30"
"04_Safety_Inputs/R24","Passives","UNRESOLVED","UNRESOLVED - CSR-01 BLOCKED","UNRESOLVED","UNRESOLVED","NOT REVIEWED","NOT REVIEWED","NOT REVIEWED","UNRESOLVED","BLOCKED - no approved vendor item","2026-07-30"
"04_Safety_Inputs/R3","Passives","UNRESOLVED","UNRESOLVED - CSR-01 BLOCKED","UNRESOLVED","UNRESOLVED","NOT REVIEWED","NOT REVIEWED","NOT REVIEWED","UNRESOLVED","BLOCKED - no approved vendor item","2026-07-30"
"04_Safety_Inputs/R4","Passives","UNRESOLVED","UNRESOLVED - CSR-01 BLOCKED","UNRESOLVED","UNRESOLVED","NOT REVIEWED","NOT REVIEWED","NOT REVIEWED","UNRESOLVED","BLOCKED - no approved vendor item","2026-07-30"
"04_Safety_Inputs/R5","Passives","UNRESOLVED","UNRESOLVED - CSR-01 BLOCKED","UNRESOLVED","UNRESOLVED","NOT REVIEWED","NOT REVIEWED","NOT REVIEWED","UNRESOLVED","BLOCKED - no approved vendor item","2026-07-30"
"04_Safety_Inputs/R6","Passives","UNRESOLVED","UNRESOLVED - CSR-01 BLOCKED","UNRESOLVED","UNRESOLVED","NOT REVIEWED","NOT REVIEWED","NOT REVIEWED","UNRESOLVED","BLOCKED - no approved vendor item","2026-07-30"
"04_Safety_Inputs/R7","Passives","UNRESOLVED","UNRESOLVED - CSR-01 BLOCKED","UNRESOLVED","UNRESOLVED","NOT REVIEWED","NOT REVIEWED","NOT REVIEWED","UNRESOLVED","BLOCKED - no approved vendor item","2026-07-30"
"04_Safety_Inputs/R8","Passives","UNRESOLVED","UNRESOLVED - CSR-01 BLOCKED","UNRESOLVED","UNRESOLVED","NOT REVIEWED","NOT REVIEWED","NOT REVIEWED","UNRESOLVED","BLOCKED - no approved vendor item","2026-07-30"
"04_Safety_Inputs/R9","Passives","UNRESOLVED","UNRESOLVED - CSR-01 BLOCKED","UNRESOLVED","UNRESOLVED","NOT REVIEWED","NOT REVIEWED","NOT REVIEWED","UNRESOLVED","BLOCKED - no approved vendor item","2026-07-30"
"05_Motor_Interfaces/C1","Passives","UNRESOLVED","UNRESOLVED - CSR-01 BLOCKED","UNRESOLVED","UNRESOLVED","NOT REVIEWED","NOT REVIEWED","NOT REVIEWED","UNRESOLVED","BLOCKED - no approved vendor item","2026-07-30"
"05_Motor_Interfaces/C2","Passives","UNRESOLVED","UNRESOLVED - CSR-01 BLOCKED","UNRESOLVED","UNRESOLVED","NOT REVIEWED","NOT REVIEWED","NOT REVIEWED","UNRESOLVED","BLOCKED - no approved vendor item","2026-07-30"
"05_Motor_Interfaces/C3","Passives","UNRESOLVED","UNRESOLVED - CSR-01 BLOCKED","UNRESOLVED","UNRESOLVED","NOT REVIEWED","NOT REVIEWED","NOT REVIEWED","UNRESOLVED","BLOCKED - no approved vendor item","2026-07-30"
"05_Motor_Interfaces/C4","Passives","UNRESOLVED","UNRESOLVED - CSR-01 BLOCKED","UNRESOLVED","UNRESOLVED","NOT REVIEWED","NOT REVIEWED","NOT REVIEWED","UNRESOLVED","BLOCKED - no approved vendor item","2026-07-30"
"05_Motor_Interfaces/C5","Passives","UNRESOLVED","UNRESOLVED - CSR-01 BLOCKED","UNRESOLVED","UNRESOLVED","NOT REVIEWED","NOT REVIEWED","NOT REVIEWED","UNRESOLVED","BLOCKED - no approved vendor item","2026-07-30"
"05_Motor_Interfaces/C6","Passives","UNRESOLVED","UNRESOLVED - CSR-01 BLOCKED","UNRESOLVED","UNRESOLVED","NOT REVIEWED","NOT REVIEWED","NOT REVIEWED","UNRESOLVED","BLOCKED - no approved vendor item","2026-07-30"
"05_Motor_Interfaces/R1","Passives","UNRESOLVED","UNRESOLVED - CSR-01 BLOCKED","UNRESOLVED","UNRESOLVED","NOT REVIEWED","NOT REVIEWED","NOT REVIEWED","UNRESOLVED","BLOCKED - no approved vendor item","2026-07-30"
"05_Motor_Interfaces/R10","Passives","UNRESOLVED","UNRESOLVED - CSR-01 BLOCKED","UNRESOLVED","UNRESOLVED","NOT REVIEWED","NOT REVIEWED","NOT REVIEWED","UNRESOLVED","BLOCKED - no approved vendor item","2026-07-30"
"05_Motor_Interfaces/R11","Passives","UNRESOLVED","UNRESOLVED - CSR-01 BLOCKED","UNRESOLVED","UNRESOLVED","NOT REVIEWED","NOT REVIEWED","NOT REVIEWED","UNRESOLVED","BLOCKED - no approved vendor item","2026-07-30"
"05_Motor_Interfaces/R12","Passives","UNRESOLVED","UNRESOLVED - CSR-01 BLOCKED","UNRESOLVED","UNRESOLVED","NOT REVIEWED","NOT REVIEWED","NOT REVIEWED","UNRESOLVED","BLOCKED - no approved vendor item","2026-07-30"
"05_Motor_Interfaces/R13","Passives","UNRESOLVED","UNRESOLVED - CSR-01 BLOCKED","UNRESOLVED","UNRESOLVED","NOT REVIEWED","NOT REVIEWED","NOT REVIEWED","UNRESOLVED","BLOCKED - no approved vendor item","2026-07-30"
"05_Motor_Interfaces/R14","Passives","UNRESOLVED","UNRESOLVED - CSR-01 BLOCKED","UNRESOLVED","UNRESOLVED","NOT REVIEWED","NOT REVIEWED","NOT REVIEWED","UNRESOLVED","BLOCKED - no approved vendor item","2026-07-30"
"05_Motor_Interfaces/R15","Passives","UNRESOLVED","UNRESOLVED - CSR-01 BLOCKED","UNRESOLVED","UNRESOLVED","NOT REVIEWED","NOT REVIEWED","NOT REVIEWED","UNRESOLVED","BLOCKED - no approved vendor item","2026-07-30"
"05_Motor_Interfaces/R16","Passives","UNRESOLVED","UNRESOLVED - CSR-01 BLOCKED","UNRESOLVED","UNRESOLVED","NOT REVIEWED","NOT REVIEWED","NOT REVIEWED","UNRESOLVED","BLOCKED - no approved vendor item","2026-07-30"
"05_Motor_Interfaces/R17","Passives","UNRESOLVED","UNRESOLVED - CSR-01 BLOCKED","UNRESOLVED","UNRESOLVED","NOT REVIEWED","NOT REVIEWED","NOT REVIEWED","UNRESOLVED","BLOCKED - no approved vendor item","2026-07-30"
"05_Motor_Interfaces/R18","Passives","UNRESOLVED","UNRESOLVED - CSR-01 BLOCKED","UNRESOLVED","UNRESOLVED","NOT REVIEWED","NOT REVIEWED","NOT REVIEWED","UNRESOLVED","BLOCKED - no approved vendor item","2026-07-30"
"05_Motor_Interfaces/R19","Passives","UNRESOLVED","UNRESOLVED - CSR-01 BLOCKED","UNRESOLVED","UNRESOLVED","NOT REVIEWED","NOT REVIEWED","NOT REVIEWED","UNRESOLVED","BLOCKED - no approved vendor item","2026-07-30"
"05_Motor_Interfaces/R2","Passives","UNRESOLVED","UNRESOLVED - CSR-01 BLOCKED","UNRESOLVED","UNRESOLVED","NOT REVIEWED","NOT REVIEWED","NOT REVIEWED","UNRESOLVED","BLOCKED - no approved vendor item","2026-07-30"
"05_Motor_Interfaces/R20","Passives","UNRESOLVED","UNRESOLVED - CSR-01 BLOCKED","UNRESOLVED","UNRESOLVED","NOT REVIEWED","NOT REVIEWED","NOT REVIEWED","UNRESOLVED","BLOCKED - no approved vendor item","2026-07-30"
"05_Motor_Interfaces/R21","Passives","UNRESOLVED","UNRESOLVED - CSR-01 BLOCKED","UNRESOLVED","UNRESOLVED","NOT REVIEWED","NOT REVIEWED","NOT REVIEWED","UNRESOLVED","BLOCKED - no approved vendor item","2026-07-30"
"05_Motor_Interfaces/R22","Passives","UNRESOLVED","UNRESOLVED - CSR-01 BLOCKED","UNRESOLVED","UNRESOLVED","NOT REVIEWED","NOT REVIEWED","NOT REVIEWED","UNRESOLVED","BLOCKED - no approved vendor item","2026-07-30"
"05_Motor_Interfaces/R23","Passives","UNRESOLVED","UNRESOLVED - CSR-01 BLOCKED","UNRESOLVED","UNRESOLVED","NOT REVIEWED","NOT REVIEWED","NOT REVIEWED","UNRESOLVED","BLOCKED - no approved vendor item","2026-07-30"
"05_Motor_Interfaces/R24","Passives","UNRESOLVED","UNRESOLVED - CSR-01 BLOCKED","UNRESOLVED","UNRESOLVED","NOT REVIEWED","NOT REVIEWED","NOT REVIEWED","UNRESOLVED","BLOCKED - no approved vendor item","2026-07-30"
"05_Motor_Interfaces/R25","Passives","UNRESOLVED","UNRESOLVED - CSR-01 BLOCKED","UNRESOLVED","UNRESOLVED","NOT REVIEWED","NOT REVIEWED","NOT REVIEWED","UNRESOLVED","BLOCKED - no approved vendor item","2026-07-30"
"05_Motor_Interfaces/R26","Passives","UNRESOLVED","UNRESOLVED - CSR-01 BLOCKED","UNRESOLVED","UNRESOLVED","NOT REVIEWED","NOT REVIEWED","NOT REVIEWED","UNRESOLVED","BLOCKED - no approved vendor item","2026-07-30"
"05_Motor_Interfaces/R27","Passives","UNRESOLVED","UNRESOLVED - CSR-01 BLOCKED","UNRESOLVED","UNRESOLVED","NOT REVIEWED","NOT REVIEWED","NOT REVIEWED","UNRESOLVED","BLOCKED - no approved vendor item","2026-07-30"
"05_Motor_Interfaces/R28","Passives","UNRESOLVED","UNRESOLVED - CSR-01 BLOCKED","UNRESOLVED","UNRESOLVED","NOT REVIEWED","NOT REVIEWED","NOT REVIEWED","UNRESOLVED","BLOCKED - no approved vendor item","2026-07-30"
"05_Motor_Interfaces/R3","Passives","UNRESOLVED","UNRESOLVED - CSR-01 BLOCKED","UNRESOLVED","UNRESOLVED","NOT REVIEWED","NOT REVIEWED","NOT REVIEWED","UNRESOLVED","BLOCKED - no approved vendor item","2026-07-30"
"05_Motor_Interfaces/R4","Passives","UNRESOLVED","UNRESOLVED - CSR-01 BLOCKED","UNRESOLVED","UNRESOLVED","NOT REVIEWED","NOT REVIEWED","NOT REVIEWED","UNRESOLVED","BLOCKED - no approved vendor item","2026-07-30"
"05_Motor_Interfaces/R5","Passives","UNRESOLVED","UNRESOLVED - CSR-01 BLOCKED","UNRESOLVED","UNRESOLVED","NOT REVIEWED","NOT REVIEWED","NOT REVIEWED","UNRESOLVED","BLOCKED - no approved vendor item","2026-07-30"
"05_Motor_Interfaces/R6","Passives","UNRESOLVED","UNRESOLVED - CSR-01 BLOCKED","UNRESOLVED","UNRESOLVED","NOT REVIEWED","NOT REVIEWED","NOT REVIEWED","UNRESOLVED","BLOCKED - no approved vendor item","2026-07-30"
"05_Motor_Interfaces/R7","Passives","UNRESOLVED","UNRESOLVED - CSR-01 BLOCKED","UNRESOLVED","UNRESOLVED","NOT REVIEWED","NOT REVIEWED","NOT REVIEWED","UNRESOLVED","BLOCKED - no approved vendor item","2026-07-30"
"05_Motor_Interfaces/R8","Passives","UNRESOLVED","UNRESOLVED - CSR-01 BLOCKED","UNRESOLVED","UNRESOLVED","NOT REVIEWED","NOT REVIEWED","NOT REVIEWED","UNRESOLVED","BLOCKED - no approved vendor item","2026-07-30"
"05_Motor_Interfaces/R9","Passives","UNRESOLVED","UNRESOLVED - CSR-01 BLOCKED","UNRESOLVED","UNRESOLVED","NOT REVIEWED","NOT REVIEWED","NOT REVIEWED","UNRESOLVED","BLOCKED - no approved vendor item","2026-07-30"
"06_Relay_MasterInhibit/C1","Passives","UNRESOLVED","UNRESOLVED - CSR-01 BLOCKED","UNRESOLVED","UNRESOLVED","NOT REVIEWED","NOT REVIEWED","NOT REVIEWED","UNRESOLVED","BLOCKED - no approved vendor item","2026-07-30"
"06_Relay_MasterInhibit/R1","Passives","UNRESOLVED","UNRESOLVED - CSR-01 BLOCKED","UNRESOLVED","UNRESOLVED","NOT REVIEWED","NOT REVIEWED","NOT REVIEWED","UNRESOLVED","BLOCKED - no approved vendor item","2026-07-30"
"06_Relay_MasterInhibit/R10","Passives","UNRESOLVED","UNRESOLVED - CSR-01 BLOCKED","UNRESOLVED","UNRESOLVED","NOT REVIEWED","NOT REVIEWED","NOT REVIEWED","UNRESOLVED","BLOCKED - no approved vendor item","2026-07-30"
"06_Relay_MasterInhibit/R2","Passives","UNRESOLVED","UNRESOLVED - CSR-01 BLOCKED","UNRESOLVED","UNRESOLVED","NOT REVIEWED","NOT REVIEWED","NOT REVIEWED","UNRESOLVED","BLOCKED - no approved vendor item","2026-07-30"
"06_Relay_MasterInhibit/R3","Passives","UNRESOLVED","UNRESOLVED - CSR-01 BLOCKED","UNRESOLVED","UNRESOLVED","NOT REVIEWED","NOT REVIEWED","NOT REVIEWED","UNRESOLVED","BLOCKED - no approved vendor item","2026-07-30"
"06_Relay_MasterInhibit/R4","Passives","UNRESOLVED","UNRESOLVED - CSR-01 BLOCKED","UNRESOLVED","UNRESOLVED","NOT REVIEWED","NOT REVIEWED","NOT REVIEWED","UNRESOLVED","BLOCKED - no approved vendor item","2026-07-30"
"06_Relay_MasterInhibit/R5","Passives","UNRESOLVED","UNRESOLVED - CSR-01 BLOCKED","UNRESOLVED","UNRESOLVED","NOT REVIEWED","NOT REVIEWED","NOT REVIEWED","UNRESOLVED","BLOCKED - no approved vendor item","2026-07-30"
"06_Relay_MasterInhibit/R6","Passives","UNRESOLVED","UNRESOLVED - CSR-01 BLOCKED","UNRESOLVED","UNRESOLVED","NOT REVIEWED","NOT REVIEWED","NOT REVIEWED","UNRESOLVED","BLOCKED - no approved vendor item","2026-07-30"
"06_Relay_MasterInhibit/R7","Passives","UNRESOLVED","UNRESOLVED - CSR-01 BLOCKED","UNRESOLVED","UNRESOLVED","NOT REVIEWED","NOT REVIEWED","NOT REVIEWED","UNRESOLVED","BLOCKED - no approved vendor item","2026-07-30"
"06_Relay_MasterInhibit/R8","Passives","UNRESOLVED","UNRESOLVED - CSR-01 BLOCKED","UNRESOLVED","UNRESOLVED","NOT REVIEWED","NOT REVIEWED","NOT REVIEWED","UNRESOLVED","BLOCKED - no approved vendor item","2026-07-30"
"06_Relay_MasterInhibit/R9","Passives","UNRESOLVED","UNRESOLVED - CSR-01 BLOCKED","UNRESOLVED","UNRESOLVED","NOT REVIEWED","NOT REVIEWED","NOT REVIEWED","UNRESOLVED","BLOCKED - no approved vendor item","2026-07-30"
"07_UI_Peripherals/C1","Passives","UNRESOLVED","UNRESOLVED - CSR-01 BLOCKED","UNRESOLVED","UNRESOLVED","NOT REVIEWED","NOT REVIEWED","NOT REVIEWED","UNRESOLVED","BLOCKED - no approved vendor item","2026-07-30"
"07_UI_Peripherals/R1","Passives","UNRESOLVED","UNRESOLVED - CSR-01 BLOCKED","UNRESOLVED","UNRESOLVED","NOT REVIEWED","NOT REVIEWED","NOT REVIEWED","UNRESOLVED","BLOCKED - no approved vendor item","2026-07-30"
"07_UI_Peripherals/R2","Passives","UNRESOLVED","UNRESOLVED - CSR-01 BLOCKED","UNRESOLVED","UNRESOLVED","NOT REVIEWED","NOT REVIEWED","NOT REVIEWED","UNRESOLVED","BLOCKED - no approved vendor item","2026-07-30"
"07_UI_Peripherals/R3","Passives","UNRESOLVED","UNRESOLVED - CSR-01 BLOCKED","UNRESOLVED","UNRESOLVED","NOT REVIEWED","NOT REVIEWED","NOT REVIEWED","UNRESOLVED","BLOCKED - no approved vendor item","2026-07-30"
"08_Expansion/C1","Passives","UNRESOLVED","UNRESOLVED - CSR-01 BLOCKED","UNRESOLVED","UNRESOLVED","NOT REVIEWED","NOT REVIEWED","NOT REVIEWED","UNRESOLVED","BLOCKED - no approved vendor item","2026-07-30"
"08_Expansion/C2","Passives","UNRESOLVED","UNRESOLVED - CSR-01 BLOCKED","UNRESOLVED","UNRESOLVED","NOT REVIEWED","NOT REVIEWED","NOT REVIEWED","UNRESOLVED","BLOCKED - no approved vendor item","2026-07-30"
"08_Expansion/C3","Passives","UNRESOLVED","UNRESOLVED - CSR-01 BLOCKED","UNRESOLVED","UNRESOLVED","NOT REVIEWED","NOT REVIEWED","NOT REVIEWED","UNRESOLVED","BLOCKED - no approved vendor item","2026-07-30"
"08_Expansion/FB1","Passives","UNRESOLVED","UNRESOLVED - CSR-01 BLOCKED","UNRESOLVED","UNRESOLVED","NOT REVIEWED","NOT REVIEWED","NOT REVIEWED","UNRESOLVED","BLOCKED - no approved vendor item","2026-07-30"
"08_Expansion/R1","Passives","UNRESOLVED","UNRESOLVED - CSR-01 BLOCKED","UNRESOLVED","UNRESOLVED","NOT REVIEWED","NOT REVIEWED","NOT REVIEWED","UNRESOLVED","BLOCKED - no approved vendor item","2026-07-30"
"08_Expansion/R2","Passives","UNRESOLVED","UNRESOLVED - CSR-01 BLOCKED","UNRESOLVED","UNRESOLVED","NOT REVIEWED","NOT REVIEWED","NOT REVIEWED","UNRESOLVED","BLOCKED - no approved vendor item","2026-07-30"
"08_Expansion/R3","Passives","UNRESOLVED","UNRESOLVED - CSR-01 BLOCKED","UNRESOLVED","UNRESOLVED","NOT REVIEWED","NOT REVIEWED","NOT REVIEWED","UNRESOLVED","BLOCKED - no approved vendor item","2026-07-30"
"08_Expansion/R4","Passives","UNRESOLVED","UNRESOLVED - CSR-01 BLOCKED","UNRESOLVED","UNRESOLVED","NOT REVIEWED","NOT REVIEWED","NOT REVIEWED","UNRESOLVED","BLOCKED - no approved vendor item","2026-07-30"
"08_Expansion/R5","Passives","UNRESOLVED","UNRESOLVED - CSR-01 BLOCKED","UNRESOLVED","UNRESOLVED","NOT REVIEWED","NOT REVIEWED","NOT REVIEWED","UNRESOLVED","BLOCKED - no approved vendor item","2026-07-30"
"09_Connectors_Test/C1","Passives","UNRESOLVED","UNRESOLVED - CSR-01 BLOCKED","UNRESOLVED","UNRESOLVED","NOT REVIEWED","NOT REVIEWED","NOT REVIEWED","UNRESOLVED","BLOCKED - no approved vendor item","2026-07-30"
"09_Connectors_Test/R1","Passives","UNRESOLVED","UNRESOLVED - CSR-01 BLOCKED","UNRESOLVED","UNRESOLVED","NOT REVIEWED","NOT REVIEWED","NOT REVIEWED","UNRESOLVED","BLOCKED - no approved vendor item","2026-07-30"
"09_Connectors_Test/R2","Passives","UNRESOLVED","UNRESOLVED - CSR-01 BLOCKED","UNRESOLVED","UNRESOLVED","NOT REVIEWED","NOT REVIEWED","NOT REVIEWED","UNRESOLVED","BLOCKED - no approved vendor item","2026-07-30"
"09_Connectors_Test/R3","Passives","UNRESOLVED","UNRESOLVED - CSR-01 BLOCKED","UNRESOLVED","UNRESOLVED","NOT REVIEWED","NOT REVIEWED","NOT REVIEWED","UNRESOLVED","BLOCKED - no approved vendor item","2026-07-30"
"01_Power_Entry/U1","Power","UNRESOLVED","UNRESOLVED - CSR-01 BLOCKED","UNRESOLVED","UNRESOLVED","NOT REVIEWED","NOT REVIEWED","NOT REVIEWED","UNRESOLVED","BLOCKED - no approved vendor item","2026-07-30"
"01_Power_Entry/U2","Power","UNRESOLVED","UNRESOLVED - CSR-01 BLOCKED","UNRESOLVED","UNRESOLVED","NOT REVIEWED","NOT REVIEWED","NOT REVIEWED","UNRESOLVED","BLOCKED - no approved vendor item","2026-07-30"
"02_Power_Conversion/U1","Power","UNRESOLVED","UNRESOLVED - CSR-01 BLOCKED","UNRESOLVED","UNRESOLVED","NOT REVIEWED","NOT REVIEWED","NOT REVIEWED","UNRESOLVED","BLOCKED - no approved vendor item","2026-07-30"
"02_Power_Conversion/U12","Power","UNRESOLVED","UNRESOLVED - CSR-01 BLOCKED","UNRESOLVED","UNRESOLVED","NOT REVIEWED","NOT REVIEWED","NOT REVIEWED","UNRESOLVED","BLOCKED - no approved vendor item","2026-07-30"
"02_Power_Conversion/U13","Power","UNRESOLVED","UNRESOLVED - CSR-01 BLOCKED","UNRESOLVED","UNRESOLVED","NOT REVIEWED","NOT REVIEWED","NOT REVIEWED","UNRESOLVED","BLOCKED - no approved vendor item","2026-07-30"
"02_Power_Conversion/U2","Power","UNRESOLVED","UNRESOLVED - CSR-01 BLOCKED","UNRESOLVED","UNRESOLVED","NOT REVIEWED","NOT REVIEWED","NOT REVIEWED","UNRESOLVED","BLOCKED - no approved vendor item","2026-07-30"
"02_Power_Conversion/U3","Power","UNRESOLVED","UNRESOLVED - CSR-01 BLOCKED","UNRESOLVED","UNRESOLVED","NOT REVIEWED","NOT REVIEWED","NOT REVIEWED","UNRESOLVED","BLOCKED - no approved vendor item","2026-07-30"
"02_Power_Conversion/U8","Power","UNRESOLVED","UNRESOLVED - CSR-01 BLOCKED","UNRESOLVED","UNRESOLVED","NOT REVIEWED","NOT REVIEWED","NOT REVIEWED","UNRESOLVED","BLOCKED - no approved vendor item","2026-07-30"
"02_Power_Conversion/U9","Power","UNRESOLVED","UNRESOLVED - CSR-01 BLOCKED","UNRESOLVED","UNRESOLVED","NOT REVIEWED","NOT REVIEWED","NOT REVIEWED","UNRESOLVED","BLOCKED - no approved vendor item","2026-07-30"
"08_Expansion/U1","Power","UNRESOLVED","UNRESOLVED - CSR-01 BLOCKED","UNRESOLVED","UNRESOLVED","NOT REVIEWED","NOT REVIEWED","NOT REVIEWED","UNRESOLVED","BLOCKED - no approved vendor item","2026-07-30"
"01_Power_Entry/D1","Protection","UNRESOLVED","UNRESOLVED - CSR-01 BLOCKED","UNRESOLVED","UNRESOLVED","NOT REVIEWED","NOT REVIEWED","NOT REVIEWED","UNRESOLVED","BLOCKED - no approved vendor item","2026-07-30"
"01_Power_Entry/D2","Protection","UNRESOLVED","UNRESOLVED - CSR-01 BLOCKED","UNRESOLVED","UNRESOLVED","NOT REVIEWED","NOT REVIEWED","NOT REVIEWED","UNRESOLVED","BLOCKED - no approved vendor item","2026-07-30"
"01_Power_Entry/D3","Protection","UNRESOLVED","UNRESOLVED - CSR-01 BLOCKED","UNRESOLVED","UNRESOLVED","NOT REVIEWED","NOT REVIEWED","NOT REVIEWED","UNRESOLVED","BLOCKED - no approved vendor item","2026-07-30"
"01_Power_Entry/D4","Protection","UNRESOLVED","UNRESOLVED - CSR-01 BLOCKED","UNRESOLVED","UNRESOLVED","NOT REVIEWED","NOT REVIEWED","NOT REVIEWED","UNRESOLVED","BLOCKED - no approved vendor item","2026-07-30"
"01_Power_Entry/F1","Protection","UNRESOLVED","UNRESOLVED - CSR-01 BLOCKED","UNRESOLVED","UNRESOLVED","NOT REVIEWED","NOT REVIEWED","NOT REVIEWED","UNRESOLVED","BLOCKED - no approved vendor item","2026-07-30"
"02_Power_Conversion/D1","Protection","UNRESOLVED","UNRESOLVED - CSR-01 BLOCKED","UNRESOLVED","UNRESOLVED","NOT REVIEWED","NOT REVIEWED","NOT REVIEWED","UNRESOLVED","BLOCKED - no approved vendor item","2026-07-30"
"02_Power_Conversion/D10","Protection","UNRESOLVED","UNRESOLVED - CSR-01 BLOCKED","UNRESOLVED","UNRESOLVED","NOT REVIEWED","NOT REVIEWED","NOT REVIEWED","UNRESOLVED","BLOCKED - no approved vendor item","2026-07-30"
"02_Power_Conversion/D2","Protection","UNRESOLVED","UNRESOLVED - CSR-01 BLOCKED","UNRESOLVED","UNRESOLVED","NOT REVIEWED","NOT REVIEWED","NOT REVIEWED","UNRESOLVED","BLOCKED - no approved vendor item","2026-07-30"
"02_Power_Conversion/D3","Protection","UNRESOLVED","UNRESOLVED - CSR-01 BLOCKED","UNRESOLVED","UNRESOLVED","NOT REVIEWED","NOT REVIEWED","NOT REVIEWED","UNRESOLVED","BLOCKED - no approved vendor item","2026-07-30"
"02_Power_Conversion/D4","Protection","UNRESOLVED","UNRESOLVED - CSR-01 BLOCKED","UNRESOLVED","UNRESOLVED","NOT REVIEWED","NOT REVIEWED","NOT REVIEWED","UNRESOLVED","BLOCKED - no approved vendor item","2026-07-30"
"02_Power_Conversion/D5","Protection","UNRESOLVED","UNRESOLVED - CSR-01 BLOCKED","UNRESOLVED","UNRESOLVED","NOT REVIEWED","NOT REVIEWED","NOT REVIEWED","UNRESOLVED","BLOCKED - no approved vendor item","2026-07-30"
"02_Power_Conversion/D6","Protection","UNRESOLVED","UNRESOLVED - CSR-01 BLOCKED","UNRESOLVED","UNRESOLVED","NOT REVIEWED","NOT REVIEWED","NOT REVIEWED","UNRESOLVED","BLOCKED - no approved vendor item","2026-07-30"
"02_Power_Conversion/D7","Protection","UNRESOLVED","UNRESOLVED - CSR-01 BLOCKED","UNRESOLVED","UNRESOLVED","NOT REVIEWED","NOT REVIEWED","NOT REVIEWED","UNRESOLVED","BLOCKED - no approved vendor item","2026-07-30"
"02_Power_Conversion/D8","Protection","UNRESOLVED","UNRESOLVED - CSR-01 BLOCKED","UNRESOLVED","UNRESOLVED","NOT REVIEWED","NOT REVIEWED","NOT REVIEWED","UNRESOLVED","BLOCKED - no approved vendor item","2026-07-30"
"02_Power_Conversion/D9","Protection","UNRESOLVED","UNRESOLVED - CSR-01 BLOCKED","UNRESOLVED","UNRESOLVED","NOT REVIEWED","NOT REVIEWED","NOT REVIEWED","UNRESOLVED","BLOCKED - no approved vendor item","2026-07-30"
"04_Safety_Inputs/D1","Protection","UNRESOLVED","UNRESOLVED - CSR-01 BLOCKED","UNRESOLVED","UNRESOLVED","NOT REVIEWED","NOT REVIEWED","NOT REVIEWED","UNRESOLVED","BLOCKED - no approved vendor item","2026-07-30"
"04_Safety_Inputs/D2","Protection","UNRESOLVED","UNRESOLVED - CSR-01 BLOCKED","UNRESOLVED","UNRESOLVED","NOT REVIEWED","NOT REVIEWED","NOT REVIEWED","UNRESOLVED","BLOCKED - no approved vendor item","2026-07-30"
"04_Safety_Inputs/D3","Protection","UNRESOLVED","UNRESOLVED - CSR-01 BLOCKED","UNRESOLVED","UNRESOLVED","NOT REVIEWED","NOT REVIEWED","NOT REVIEWED","UNRESOLVED","BLOCKED - no approved vendor item","2026-07-30"
"04_Safety_Inputs/D4","Protection","UNRESOLVED","UNRESOLVED - CSR-01 BLOCKED","UNRESOLVED","UNRESOLVED","NOT REVIEWED","NOT REVIEWED","NOT REVIEWED","UNRESOLVED","BLOCKED - no approved vendor item","2026-07-30"
"04_Safety_Inputs/D5","Protection","UNRESOLVED","UNRESOLVED - CSR-01 BLOCKED","UNRESOLVED","UNRESOLVED","NOT REVIEWED","NOT REVIEWED","NOT REVIEWED","UNRESOLVED","BLOCKED - no approved vendor item","2026-07-30"
"04_Safety_Inputs/D6","Protection","UNRESOLVED","UNRESOLVED - CSR-01 BLOCKED","UNRESOLVED","UNRESOLVED","NOT REVIEWED","NOT REVIEWED","NOT REVIEWED","UNRESOLVED","BLOCKED - no approved vendor item","2026-07-30"
"04_Safety_Inputs/D7","Protection","UNRESOLVED","UNRESOLVED - CSR-01 BLOCKED","UNRESOLVED","UNRESOLVED","NOT REVIEWED","NOT REVIEWED","NOT REVIEWED","UNRESOLVED","BLOCKED - no approved vendor item","2026-07-30"
"05_Motor_Interfaces/D1","Protection","UNRESOLVED","UNRESOLVED - CSR-01 BLOCKED","UNRESOLVED","UNRESOLVED","NOT REVIEWED","NOT REVIEWED","NOT REVIEWED","UNRESOLVED","BLOCKED - no approved vendor item","2026-07-30"
"05_Motor_Interfaces/D2","Protection","UNRESOLVED","UNRESOLVED - CSR-01 BLOCKED","UNRESOLVED","UNRESOLVED","NOT REVIEWED","NOT REVIEWED","NOT REVIEWED","UNRESOLVED","BLOCKED - no approved vendor item","2026-07-30"
"05_Motor_Interfaces/D3","Protection","UNRESOLVED","UNRESOLVED - CSR-01 BLOCKED","UNRESOLVED","UNRESOLVED","NOT REVIEWED","NOT REVIEWED","NOT REVIEWED","UNRESOLVED","BLOCKED - no approved vendor item","2026-07-30"
"05_Motor_Interfaces/D4","Protection","UNRESOLVED","UNRESOLVED - CSR-01 BLOCKED","UNRESOLVED","UNRESOLVED","NOT REVIEWED","NOT REVIEWED","NOT REVIEWED","UNRESOLVED","BLOCKED - no approved vendor item","2026-07-30"
"05_Motor_Interfaces/D5","Protection","UNRESOLVED","UNRESOLVED - CSR-01 BLOCKED","UNRESOLVED","UNRESOLVED","NOT REVIEWED","NOT REVIEWED","NOT REVIEWED","UNRESOLVED","BLOCKED - no approved vendor item","2026-07-30"
"05_Motor_Interfaces/D6","Protection","UNRESOLVED","UNRESOLVED - CSR-01 BLOCKED","UNRESOLVED","UNRESOLVED","NOT REVIEWED","NOT REVIEWED","NOT REVIEWED","UNRESOLVED","BLOCKED - no approved vendor item","2026-07-30"
"05_Motor_Interfaces/D7","Protection","UNRESOLVED","UNRESOLVED - CSR-01 BLOCKED","UNRESOLVED","UNRESOLVED","NOT REVIEWED","NOT REVIEWED","NOT REVIEWED","UNRESOLVED","BLOCKED - no approved vendor item","2026-07-30"
"05_Motor_Interfaces/D8","Protection","UNRESOLVED","UNRESOLVED - CSR-01 BLOCKED","UNRESOLVED","UNRESOLVED","NOT REVIEWED","NOT REVIEWED","NOT REVIEWED","UNRESOLVED","BLOCKED - no approved vendor item","2026-07-30"
"06_Relay_MasterInhibit/D1","Protection","UNRESOLVED","UNRESOLVED - CSR-01 BLOCKED","UNRESOLVED","UNRESOLVED","NOT REVIEWED","NOT REVIEWED","NOT REVIEWED","UNRESOLVED","BLOCKED - no approved vendor item","2026-07-30"
"08_Expansion/D1","Protection","UNRESOLVED","UNRESOLVED - CSR-01 BLOCKED","UNRESOLVED","UNRESOLVED","NOT REVIEWED","NOT REVIEWED","NOT REVIEWED","UNRESOLVED","BLOCKED - no approved vendor item","2026-07-30"
"08_Expansion/D2","Protection","UNRESOLVED","UNRESOLVED - CSR-01 BLOCKED","UNRESOLVED","UNRESOLVED","NOT REVIEWED","NOT REVIEWED","NOT REVIEWED","UNRESOLVED","BLOCKED - no approved vendor item","2026-07-30"
"08_Expansion/D3","Protection","UNRESOLVED","UNRESOLVED - CSR-01 BLOCKED","UNRESOLVED","UNRESOLVED","NOT REVIEWED","NOT REVIEWED","NOT REVIEWED","UNRESOLVED","BLOCKED - no approved vendor item","2026-07-30"
"09_Connectors_Test/D1","Protection","UNRESOLVED","UNRESOLVED - CSR-01 BLOCKED","UNRESOLVED","UNRESOLVED","NOT REVIEWED","NOT REVIEWED","NOT REVIEWED","UNRESOLVED","BLOCKED - no approved vendor item","2026-07-30"
"09_Connectors_Test/D2","Protection","UNRESOLVED","UNRESOLVED - CSR-01 BLOCKED","UNRESOLVED","UNRESOLVED","NOT REVIEWED","NOT REVIEWED","NOT REVIEWED","UNRESOLVED","BLOCKED - no approved vendor item","2026-07-30"
"06_Relay_MasterInhibit/K1","Relays","UNRESOLVED","UNRESOLVED - CSR-01 BLOCKED","UNRESOLVED","UNRESOLVED","NOT REVIEWED","NOT REVIEWED","NOT REVIEWED","UNRESOLVED","BLOCKED - no approved vendor item","2026-07-30"
"04_Safety_Inputs/U1AB","Safety","UNRESOLVED","UNRESOLVED - CSR-01 BLOCKED","UNRESOLVED","UNRESOLVED","NOT REVIEWED","NOT REVIEWED","NOT REVIEWED","UNRESOLVED","BLOCKED - no approved vendor item","2026-07-30"
"04_Safety_Inputs/U1CD","Safety","UNRESOLVED","UNRESOLVED - CSR-01 BLOCKED","UNRESOLVED","UNRESOLVED","NOT REVIEWED","NOT REVIEWED","NOT REVIEWED","UNRESOLVED","BLOCKED - no approved vendor item","2026-07-30"
"04_Safety_Inputs/U2AB","Safety","UNRESOLVED","UNRESOLVED - CSR-01 BLOCKED","UNRESOLVED","UNRESOLVED","NOT REVIEWED","NOT REVIEWED","NOT REVIEWED","UNRESOLVED","BLOCKED - no approved vendor item","2026-07-30"
"04_Safety_Inputs/U2CD","Safety","UNRESOLVED","UNRESOLVED - CSR-01 BLOCKED","UNRESOLVED","UNRESOLVED","NOT REVIEWED","NOT REVIEWED","NOT REVIEWED","UNRESOLVED","BLOCKED - no approved vendor item","2026-07-30"
"04_Safety_Inputs/U3AB","Safety","UNRESOLVED","UNRESOLVED - CSR-01 BLOCKED","UNRESOLVED","UNRESOLVED","NOT REVIEWED","NOT REVIEWED","NOT REVIEWED","UNRESOLVED","BLOCKED - no approved vendor item","2026-07-30"
"04_Safety_Inputs/U3C","Safety","UNRESOLVED","UNRESOLVED - CSR-01 BLOCKED","UNRESOLVED","UNRESOLVED","NOT REVIEWED","NOT REVIEWED","NOT REVIEWED","UNRESOLVED","BLOCKED - no approved vendor item","2026-07-30"
"04_Safety_Inputs/U3D","Safety","UNRESOLVED","UNRESOLVED - CSR-01 BLOCKED","UNRESOLVED","UNRESOLVED","NOT REVIEWED","NOT REVIEWED","NOT REVIEWED","UNRESOLVED","BLOCKED - no approved vendor item","2026-07-30"
"04_Safety_Inputs/U4","Safety","UNRESOLVED","UNRESOLVED - CSR-01 BLOCKED","UNRESOLVED","UNRESOLVED","NOT REVIEWED","NOT REVIEWED","NOT REVIEWED","UNRESOLVED","BLOCKED - no approved vendor item","2026-07-30"
"04_Safety_Inputs/U5","Safety","UNRESOLVED","UNRESOLVED - CSR-01 BLOCKED","UNRESOLVED","UNRESOLVED","NOT REVIEWED","NOT REVIEWED","NOT REVIEWED","UNRESOLVED","BLOCKED - no approved vendor item","2026-07-30"
"02_Power_Conversion/U7","Sensors","UNRESOLVED","UNRESOLVED - CSR-01 BLOCKED","UNRESOLVED","UNRESOLVED","NOT REVIEWED","NOT REVIEWED","NOT REVIEWED","UNRESOLVED","BLOCKED - no approved vendor item","2026-07-30"
"07_UI_Peripherals/U5","Sensors","UNRESOLVED","UNRESOLVED - CSR-01 BLOCKED","UNRESOLVED","UNRESOLVED","NOT REVIEWED","NOT REVIEWED","NOT REVIEWED","UNRESOLVED","BLOCKED - no approved vendor item","2026-07-30"
"07_UI_Peripherals/U7","Sensors","UNRESOLVED","UNRESOLVED - CSR-01 BLOCKED","UNRESOLVED","UNRESOLVED","NOT REVIEWED","NOT REVIEWED","NOT REVIEWED","UNRESOLVED","BLOCKED - no approved vendor item","2026-07-30"
"07_UI_Peripherals/TP1","Test","UNRESOLVED","UNRESOLVED - CSR-01 BLOCKED","UNRESOLVED","UNRESOLVED","NOT REVIEWED","NOT REVIEWED","NOT REVIEWED","UNRESOLVED","BLOCKED - no approved vendor item","2026-07-30"
"07_UI_Peripherals/TP2","Test","UNRESOLVED","UNRESOLVED - CSR-01 BLOCKED","UNRESOLVED","UNRESOLVED","NOT REVIEWED","NOT REVIEWED","NOT REVIEWED","UNRESOLVED","BLOCKED - no approved vendor item","2026-07-30"
"07_UI_Peripherals/TP3","Test","UNRESOLVED","UNRESOLVED - CSR-01 BLOCKED","UNRESOLVED","UNRESOLVED","NOT REVIEWED","NOT REVIEWED","NOT REVIEWED","UNRESOLVED","BLOCKED - no approved vendor item","2026-07-30"
"07_UI_Peripherals/TP4","Test","UNRESOLVED","UNRESOLVED - CSR-01 BLOCKED","UNRESOLVED","UNRESOLVED","NOT REVIEWED","NOT REVIEWED","NOT REVIEWED","UNRESOLVED","BLOCKED - no approved vendor item","2026-07-30"
"07_UI_Peripherals/TP5","Test","UNRESOLVED","UNRESOLVED - CSR-01 BLOCKED","UNRESOLVED","UNRESOLVED","NOT REVIEWED","NOT REVIEWED","NOT REVIEWED","UNRESOLVED","BLOCKED - no approved vendor item","2026-07-30"
"08_Expansion/TP1","Test","UNRESOLVED","UNRESOLVED - CSR-01 BLOCKED","UNRESOLVED","UNRESOLVED","NOT REVIEWED","NOT REVIEWED","NOT REVIEWED","UNRESOLVED","BLOCKED - no approved vendor item","2026-07-30"
"08_Expansion/TP2","Test","UNRESOLVED","UNRESOLVED - CSR-01 BLOCKED","UNRESOLVED","UNRESOLVED","NOT REVIEWED","NOT REVIEWED","NOT REVIEWED","UNRESOLVED","BLOCKED - no approved vendor item","2026-07-30"
"08_Expansion/TP3","Test","UNRESOLVED","UNRESOLVED - CSR-01 BLOCKED","UNRESOLVED","UNRESOLVED","NOT REVIEWED","NOT REVIEWED","NOT REVIEWED","UNRESOLVED","BLOCKED - no approved vendor item","2026-07-30"
"08_Expansion/TP4","Test","UNRESOLVED","UNRESOLVED - CSR-01 BLOCKED","UNRESOLVED","UNRESOLVED","NOT REVIEWED","NOT REVIEWED","NOT REVIEWED","UNRESOLVED","BLOCKED - no approved vendor item","2026-07-30"
"08_Expansion/TP5","Test","UNRESOLVED","UNRESOLVED - CSR-01 BLOCKED","UNRESOLVED","UNRESOLVED","NOT REVIEWED","NOT REVIEWED","NOT REVIEWED","UNRESOLVED","BLOCKED - no approved vendor item","2026-07-30"
"08_Expansion/TP6","Test","UNRESOLVED","UNRESOLVED - CSR-01 BLOCKED","UNRESOLVED","UNRESOLVED","NOT REVIEWED","NOT REVIEWED","NOT REVIEWED","UNRESOLVED","BLOCKED - no approved vendor item","2026-07-30"
"09_Connectors_Test/DFT1","Test","UNRESOLVED","UNRESOLVED - CSR-01 BLOCKED","UNRESOLVED","UNRESOLVED","NOT REVIEWED","NOT REVIEWED","NOT REVIEWED","UNRESOLVED","BLOCKED - no approved vendor item","2026-07-30"
"03_ESP32_Core/U3","USB","UNRESOLVED","UNRESOLVED - CSR-01 BLOCKED","UNRESOLVED","UNRESOLVED","NOT REVIEWED","NOT REVIEWED","NOT REVIEWED","UNRESOLVED","BLOCKED - no approved vendor item","2026-07-30"
"03_ESP32_Core/SW1","User Interface","UNRESOLVED","UNRESOLVED - CSR-01 BLOCKED","UNRESOLVED","UNRESOLVED","NOT REVIEWED","NOT REVIEWED","NOT REVIEWED","UNRESOLVED","BLOCKED - no approved vendor item","2026-07-30"
"03_ESP32_Core/SW2","User Interface","UNRESOLVED","UNRESOLVED - CSR-01 BLOCKED","UNRESOLVED","UNRESOLVED","NOT REVIEWED","NOT REVIEWED","NOT REVIEWED","UNRESOLVED","BLOCKED - no approved vendor item","2026-07-30"
"06_Relay_MasterInhibit/U1","Watchdog","UNRESOLVED","UNRESOLVED - CSR-01 BLOCKED","UNRESOLVED","UNRESOLVED","NOT REVIEWED","NOT REVIEWED","NOT REVIEWED","UNRESOLVED","BLOCKED - no approved vendor item","2026-07-30"
