"Reference","Sheet","Function","Current EBOM Status","Prototype Population Status","Reason","Required For First Power-Up","Required For Functional Testing","Required For Safety Testing","Required For USB Programming","Required For Motion Testing","Required For Expansion Testing","Installation Phase"
"C101","01_Power_Entry","100 nF","BLOCKED","BLOCKED - PHYSICAL DEFINITION REQUIRED","Exact one-to-one device, package, pin map, or prototype-rated physical definition is not released.","YES","YES","NO","NO","NO","NO","Stage B - power-entry population"
"C102","01_Power_Entry","100 nF nominal; >=70 nF effective at 55 V; >=100 V X7R; +/-10%; -40..125 C","BLOCKED","BLOCKED - PHYSICAL DEFINITION REQUIRED","Exact one-to-one device, package, pin map, or prototype-rated physical definition is not released.","YES","YES","NO","NO","NO","NO","Stage B - power-entry population"
"C103","01_Power_Entry","22 uF nominal; >=20 uF effective; >=63 V low-ESR bulk; >=0.6 A RMS; -40..125 C","BLOCKED","BLOCKED - PHYSICAL DEFINITION REQUIRED","Exact one-to-one device, package, pin map, or prototype-rated physical definition is not released.","YES","YES","NO","NO","NO","NO","Stage B - power-entry population"
"C104","01_Power_Entry","22 uF nominal; >=20 uF effective; >=63 V low-ESR bulk; >=0.6 A RMS; -40..125 C","BLOCKED","BLOCKED - PHYSICAL DEFINITION REQUIRED","Exact one-to-one device, package, pin map, or prototype-rated physical definition is not released.","YES","YES","NO","NO","NO","NO","Stage B - power-entry population"
"C105","01_Power_Entry","100 nF","BLOCKED","BLOCKED - PHYSICAL DEFINITION REQUIRED","Exact one-to-one device, package, pin map, or prototype-rated physical definition is not released.","YES","YES","NO","NO","NO","NO","Stage B - power-entry population"
"C106","01_Power_Entry","1 µF 10 V","BLOCKED","BLOCKED - PHYSICAL DEFINITION REQUIRED","Exact one-to-one device, package, pin map, or prototype-rated physical definition is not released.","YES","YES","NO","NO","NO","NO","Stage B - power-entry population"
"C107","01_Power_Entry","10 µF 10 V","BLOCKED","BLOCKED - PHYSICAL DEFINITION REQUIRED","Exact one-to-one device, package, pin map, or prototype-rated physical definition is not released.","YES","YES","NO","NO","NO","NO","Stage B - power-entry population"
"C108","01_Power_Entry","10 nF","BLOCKED","BLOCKED - PHYSICAL DEFINITION REQUIRED","Exact one-to-one device, package, pin map, or prototype-rated physical definition is not released.","YES","YES","NO","NO","NO","NO","Stage B - power-entry population"
"C109","01_Power_Entry","100 nF nominal; >=70 nF effective at 55 V; >=100 V X7R; +/-10%; -40..125 C","BLOCKED","BLOCKED - PHYSICAL DEFINITION REQUIRED","Exact one-to-one device, package, pin map, or prototype-rated physical definition is not released.","YES","YES","NO","NO","NO","NO","Stage B - power-entry population"
"D101","01_Power_Entry","SMBJ33A-class TVS (provisional)","BLOCKED","BLOCKED - PHYSICAL DEFINITION REQUIRED","Exact one-to-one device, package, pin map, or prototype-rated physical definition is not released.","YES","YES","NO","NO","NO","NO","Stage B - power-entry population"
"D102","01_Power_Entry","4.7 V Zener","BLOCKED","BLOCKED - PHYSICAL DEFINITION REQUIRED","Exact one-to-one device, package, pin map, or prototype-rated physical definition is not released.","YES","YES","NO","NO","NO","NO","Stage B - power-entry population"
"D103","01_Power_Entry","Low-leakage ADC clamp (TBD exact)","BLOCKED","BLOCKED - PHYSICAL DEFINITION REQUIRED","Exact one-to-one device, package, pin map, or prototype-rated physical definition is not released.","YES","YES","NO","NO","NO","NO","Stage B - power-entry population"
"D104","01_Power_Entry","5 V VBUS TVS/ESD (TBD exact)","BLOCKED","BLOCKED - PHYSICAL DEFINITION REQUIRED","Exact one-to-one device, package, pin map, or prototype-rated physical definition is not released.","YES","YES","NO","NO","NO","NO","Stage B - power-entry population"
"F101","01_Power_Entry","2 A time-delay (provisional)","BLOCKED","BLOCKED - PHYSICAL DEFINITION REQUIRED","Exact one-to-one device, package, pin map, or prototype-rated physical definition is not released.","YES","YES","NO","NO","NO","NO","Stage B - power-entry population"
"L101","01_Power_Entry","10 µH, ≥3 A, ≤100 mΩ (TBD exact)","BLOCKED","BLOCKED - PHYSICAL DEFINITION REQUIRED","Exact one-to-one device, package, pin map, or prototype-rated physical definition is not released.","YES","YES","NO","NO","NO","NO","Stage B - power-entry population"
"Q101","01_Power_Entry",">=80 V N-FET; <=25 mOhm at actual gate drive; +/-20 V VGS; >=2 A hot; SOA >=2 A/100 ms (TBD exact)","BLOCKED","BLOCKED - PHYSICAL DEFINITION REQUIRED","Exact one-to-one device, package, pin map, or prototype-rated physical definition is not released.","YES","YES","NO","NO","NO","NO","Stage B - power-entry population"
"Q102","01_Power_Entry","2N7002, 60 V","BLOCKED","BLOCKED - PHYSICAL DEFINITION REQUIRED","Exact one-to-one device, package, pin map, or prototype-rated physical definition is not released.","YES","YES","NO","NO","NO","NO","Stage B - power-entry population"
"R101","01_Power_Entry","634 kΩ 1%","BLOCKED","BLOCKED - PHYSICAL DEFINITION REQUIRED","Exact one-to-one device, package, pin map, or prototype-rated physical definition is not released.","YES","YES","NO","NO","NO","NO","Stage B - power-entry population"
"R102","01_Power_Entry","100 kΩ 1%","BLOCKED","BLOCKED - PHYSICAL DEFINITION REQUIRED","Exact one-to-one device, package, pin map, or prototype-rated physical definition is not released.","YES","YES","NO","NO","NO","NO","Stage B - power-entry population"
"R103","01_Power_Entry","1.91 MΩ 1%","BLOCKED","BLOCKED - PHYSICAL DEFINITION REQUIRED","Exact one-to-one device, package, pin map, or prototype-rated physical definition is not released.","YES","YES","NO","NO","NO","NO","Stage B - power-entry population"
"R104","01_Power_Entry","100 kΩ 1%","BLOCKED","BLOCKED - PHYSICAL DEFINITION REQUIRED","Exact one-to-one device, package, pin map, or prototype-rated physical definition is not released.","YES","YES","NO","NO","NO","NO","Stage B - power-entry population"
"R105","01_Power_Entry","100 kΩ","BLOCKED","BLOCKED - PHYSICAL DEFINITION REQUIRED","Exact one-to-one device, package, pin map, or prototype-rated physical definition is not released.","YES","YES","NO","NO","NO","NO","Stage B - power-entry population"
"R106","01_Power_Entry","9.09 kΩ 1%","BLOCKED","BLOCKED - PHYSICAL DEFINITION REQUIRED","Exact one-to-one device, package, pin map, or prototype-rated physical definition is not released.","YES","YES","NO","NO","NO","NO","Stage B - power-entry population"
"R107","01_Power_Entry","49.9 kΩ 0.1% 25 ppm","BLOCKED","BLOCKED - PHYSICAL DEFINITION REQUIRED","Exact one-to-one device, package, pin map, or prototype-rated physical definition is not released.","YES","YES","NO","NO","NO","NO","Stage B - power-entry population"
"R108","01_Power_Entry","49.9 kΩ 0.1% 25 ppm","BLOCKED","BLOCKED - PHYSICAL DEFINITION REQUIRED","Exact one-to-one device, package, pin map, or prototype-rated physical definition is not released.","YES","YES","NO","NO","NO","NO","Stage B - power-entry population"
"R109","01_Power_Entry","10.0 kΩ 0.1% 25 ppm","BLOCKED","BLOCKED - PHYSICAL DEFINITION REQUIRED","Exact one-to-one device, package, pin map, or prototype-rated physical definition is not released.","YES","YES","NO","NO","NO","NO","Stage B - power-entry population"
"R110","01_Power_Entry","1.00 kΩ 1%","BLOCKED","BLOCKED - PHYSICAL DEFINITION REQUIRED","Exact one-to-one device, package, pin map, or prototype-rated physical definition is not released.","YES","YES","NO","NO","NO","NO","Stage B - power-entry population"
"R111","01_Power_Entry","100 kΩ","BLOCKED","BLOCKED - PHYSICAL DEFINITION REQUIRED","Exact one-to-one device, package, pin map, or prototype-rated physical definition is not released.","YES","YES","NO","NO","NO","NO","Stage B - power-entry population"
"R112","01_Power_Entry","402 kΩ 1%","BLOCKED","BLOCKED - PHYSICAL DEFINITION REQUIRED","Exact one-to-one device, package, pin map, or prototype-rated physical definition is not released.","YES","YES","NO","NO","NO","NO","Stage B - power-entry population"
"R113","01_Power_Entry","100 kΩ 1%","BLOCKED","BLOCKED - PHYSICAL DEFINITION REQUIRED","Exact one-to-one device, package, pin map, or prototype-rated physical definition is not released.","YES","YES","NO","NO","NO","NO","Stage B - power-entry population"
"R114","01_Power_Entry","6.65 kΩ 1%","BLOCKED","BLOCKED - PHYSICAL DEFINITION REQUIRED","Exact one-to-one device, package, pin map, or prototype-rated physical definition is not released.","YES","YES","NO","NO","NO","NO","Stage B - power-entry population"
"R115","01_Power_Entry","604 kΩ 1%","BLOCKED","BLOCKED - PHYSICAL DEFINITION REQUIRED","Exact one-to-one device, package, pin map, or prototype-rated physical definition is not released.","YES","YES","NO","NO","NO","NO","Stage B - power-entry population"
"R116","01_Power_Entry","100 kΩ 1%","BLOCKED","BLOCKED - PHYSICAL DEFINITION REQUIRED","Exact one-to-one device, package, pin map, or prototype-rated physical definition is not released.","YES","YES","NO","NO","NO","NO","Stage B - power-entry population"
"U101","01_Power_Entry","TPS26631PWPR 60 V eFuse; 20-pin PWP; adjustable OVP; 2x pulse support","BLOCKED","BLOCKED - PHYSICAL DEFINITION REQUIRED","Exact one-to-one device, package, pin map, or prototype-rated physical definition is not released.","YES","YES","NO","NO","NO","NO","Stage B - power-entry population"
"U102","01_Power_Entry","TPS259470LRPW (provisional)","BLOCKED","BLOCKED - PHYSICAL DEFINITION REQUIRED","Exact one-to-one device, package, pin map, or prototype-rated physical definition is not released.","YES","YES","NO","NO","NO","NO","Stage B - power-entry population"
"C201","02_Power_Conversion","2.2 uF nominal; >=1.0 uF effective at 55 V; >=100 V X7R; ripple >=0.2 A","BLOCKED","BLOCKED - PHYSICAL DEFINITION REQUIRED","Exact one-to-one device, package, pin map, or prototype-rated physical definition is not released.","YES","YES","NO","NO","NO","NO","Stage C - core 3.3 V and MCU population"
"C202","02_Power_Conversion","100 nF bootstrap","BLOCKED","BLOCKED - PHYSICAL DEFINITION REQUIRED","Exact one-to-one device, package, pin map, or prototype-rated physical definition is not released.","YES","YES","NO","NO","NO","NO","Stage C - core 3.3 V and MCU population"
"C203","02_Power_Conversion","22 uF nominal; >=15 uF effective at 5.25 V; >=16 V X7R; regulator-stable ESR","BLOCKED","BLOCKED - PHYSICAL DEFINITION REQUIRED","Exact one-to-one device, package, pin map, or prototype-rated physical definition is not released.","YES","YES","NO","NO","NO","NO","Stage C - core 3.3 V and MCU population"
"C204","02_Power_Conversion","22 uF nominal; >=15 uF effective at 5.25 V; >=16 V X7R; regulator-stable ESR","BLOCKED","BLOCKED - PHYSICAL DEFINITION REQUIRED","Exact one-to-one device, package, pin map, or prototype-rated physical definition is not released.","YES","YES","NO","NO","NO","NO","Stage C - core 3.3 V and MCU population"
"C205","02_Power_Conversion","100 nF soft start","BLOCKED","BLOCKED - PHYSICAL DEFINITION REQUIRED","Exact one-to-one device, package, pin map, or prototype-rated physical definition is not released.","YES","YES","NO","NO","NO","NO","Stage C - core 3.3 V and MCU population"
"C206","02_Power_Conversion","47 uF nominal mux transition reservoir; >=30 uF effective at 5.25 V; >=10 V; not system hold-up","BLOCKED","BLOCKED - PHYSICAL DEFINITION REQUIRED","Exact one-to-one device, package, pin map, or prototype-rated physical definition is not released.","YES","YES","NO","NO","NO","NO","Stage C - core 3.3 V and MCU population"
"C207","02_Power_Conversion","10 µF 10 V","BLOCKED","BLOCKED - PHYSICAL DEFINITION REQUIRED","Exact one-to-one device, package, pin map, or prototype-rated physical definition is not released.","YES","YES","NO","NO","NO","NO","Stage C - core 3.3 V and MCU population"
"C208","02_Power_Conversion","22 uF nominal; >=15 uF effective at 3.4 V; >=10 V X7R; regulator-stable ESR","BLOCKED","BLOCKED - PHYSICAL DEFINITION REQUIRED","Exact one-to-one device, package, pin map, or prototype-rated physical definition is not released.","YES","YES","NO","NO","NO","NO","Stage C - core 3.3 V and MCU population"
"C209","02_Power_Conversion","22 uF nominal; >=15 uF effective at 3.4 V; >=10 V X7R; regulator-stable ESR","BLOCKED","BLOCKED - PHYSICAL DEFINITION REQUIRED","Exact one-to-one device, package, pin map, or prototype-rated physical definition is not released.","YES","YES","NO","NO","NO","NO","Stage C - core 3.3 V and MCU population"
"C210","02_Power_Conversion","10 nF soft start","BLOCKED","BLOCKED - PHYSICAL DEFINITION REQUIRED","Exact one-to-one device, package, pin map, or prototype-rated physical definition is not released.","YES","YES","NO","NO","NO","NO","Stage C - core 3.3 V and MCU population"
"C211","02_Power_Conversion","1 nF slew control","BLOCKED","BLOCKED - PHYSICAL DEFINITION REQUIRED","Exact one-to-one device, package, pin map, or prototype-rated physical definition is not released.","YES","YES","NO","NO","NO","NO","Stage C - core 3.3 V and MCU population"
"C212","02_Power_Conversion","4.7 µF branch local","BLOCKED","BLOCKED - PHYSICAL DEFINITION REQUIRED","Exact one-to-one device, package, pin map, or prototype-rated physical definition is not released.","YES","YES","NO","NO","NO","NO","Stage C - core 3.3 V and MCU population"
"C213","02_Power_Conversion","1 nF slew control","BLOCKED","BLOCKED - PHYSICAL DEFINITION REQUIRED","Exact one-to-one device, package, pin map, or prototype-rated physical definition is not released.","YES","YES","NO","NO","NO","NO","Stage C - core 3.3 V and MCU population"
"C214","02_Power_Conversion","4.7 µF branch local","BLOCKED","BLOCKED - PHYSICAL DEFINITION REQUIRED","Exact one-to-one device, package, pin map, or prototype-rated physical definition is not released.","YES","YES","NO","NO","NO","NO","Stage C - core 3.3 V and MCU population"
"C215","02_Power_Conversion","1 nF slew control","BLOCKED","BLOCKED - PHYSICAL DEFINITION REQUIRED","Exact one-to-one device, package, pin map, or prototype-rated physical definition is not released.","YES","YES","NO","NO","NO","NO","Stage C - core 3.3 V and MCU population"
"C216","02_Power_Conversion","4.7 µF branch local","BLOCKED","BLOCKED - PHYSICAL DEFINITION REQUIRED","Exact one-to-one device, package, pin map, or prototype-rated physical definition is not released.","YES","YES","NO","NO","NO","NO","Stage C - core 3.3 V and MCU population"
"C217","02_Power_Conversion","4.7 µF branch local","BLOCKED","BLOCKED - PHYSICAL DEFINITION REQUIRED","Exact one-to-one device, package, pin map, or prototype-rated physical definition is not released.","YES","YES","NO","NO","NO","NO","Stage C - core 3.3 V and MCU population"
"C218","02_Power_Conversion","1 nF slew control","BLOCKED","BLOCKED - PHYSICAL DEFINITION REQUIRED","Exact one-to-one device, package, pin map, or prototype-rated physical definition is not released.","YES","YES","NO","NO","NO","NO","Stage C - core 3.3 V and MCU population"
"C219","02_Power_Conversion","4.7 µF branch local","BLOCKED","BLOCKED - PHYSICAL DEFINITION REQUIRED","Exact one-to-one device, package, pin map, or prototype-rated physical definition is not released.","YES","YES","NO","NO","NO","NO","Stage C - core 3.3 V and MCU population"
"C220","02_Power_Conversion","1 nF slew control","BLOCKED","BLOCKED - PHYSICAL DEFINITION REQUIRED","Exact one-to-one device, package, pin map, or prototype-rated physical definition is not released.","YES","YES","NO","NO","NO","NO","Stage C - core 3.3 V and MCU population"
"C221","02_Power_Conversion","4.7 µF branch local","BLOCKED","BLOCKED - PHYSICAL DEFINITION REQUIRED","Exact one-to-one device, package, pin map, or prototype-rated physical definition is not released.","YES","YES","NO","NO","NO","NO","Stage C - core 3.3 V and MCU population"
"D201","02_Power_Conversion","4.7 V EN clamp","BLOCKED","BLOCKED - PHYSICAL DEFINITION REQUIRED","Exact one-to-one device, package, pin map, or prototype-rated physical definition is not released.","YES","YES","NO","NO","NO","NO","Stage C - core 3.3 V and MCU population"
"D202","02_Power_Conversion","3.3 V bias clamp","BLOCKED","BLOCKED - PHYSICAL DEFINITION REQUIRED","Exact one-to-one device, package, pin map, or prototype-rated physical definition is not released.","YES","YES","NO","NO","NO","NO","Stage C - core 3.3 V and MCU population"
"D203","02_Power_Conversion","Schottky reverse-injection block (TBD exact)","BLOCKED","BLOCKED - PHYSICAL DEFINITION REQUIRED","Exact one-to-one device, package, pin map, or prototype-rated physical definition is not released.","YES","YES","NO","NO","NO","NO","Stage C - core 3.3 V and MCU population"
"D204","02_Power_Conversion","Schottky reverse-injection block (TBD exact)","BLOCKED","BLOCKED - PHYSICAL DEFINITION REQUIRED","Exact one-to-one device, package, pin map, or prototype-rated physical definition is not released.","YES","YES","NO","NO","NO","NO","Stage C - core 3.3 V and MCU population"
"D205","02_Power_Conversion","Schottky reverse-injection block (TBD exact)","BLOCKED","BLOCKED - PHYSICAL DEFINITION REQUIRED","Exact one-to-one device, package, pin map, or prototype-rated physical definition is not released.","YES","YES","NO","NO","NO","NO","Stage C - core 3.3 V and MCU population"
"D206","02_Power_Conversion","Schottky reverse-injection block (TBD exact)","BLOCKED","BLOCKED - PHYSICAL DEFINITION REQUIRED","Exact one-to-one device, package, pin map, or prototype-rated physical definition is not released.","YES","YES","NO","NO","NO","NO","Stage C - core 3.3 V and MCU population"
"D207","02_Power_Conversion","Schottky reverse-injection block (TBD exact)","BLOCKED","BLOCKED - PHYSICAL DEFINITION REQUIRED","Exact one-to-one device, package, pin map, or prototype-rated physical definition is not released.","YES","YES","NO","NO","NO","NO","Stage C - core 3.3 V and MCU population"
"D208","02_Power_Conversion","Schottky reverse-injection block (TBD exact)","BLOCKED","BLOCKED - PHYSICAL DEFINITION REQUIRED","Exact one-to-one device, package, pin map, or prototype-rated physical definition is not released.","YES","YES","NO","NO","NO","NO","Stage C - core 3.3 V and MCU population"
"D209","02_Power_Conversion","Schottky reverse-injection block (TBD exact)","BLOCKED","BLOCKED - PHYSICAL DEFINITION REQUIRED","Exact one-to-one device, package, pin map, or prototype-rated physical definition is not released.","YES","YES","NO","NO","NO","NO","Stage C - core 3.3 V and MCU population"
"D210","02_Power_Conversion","Schottky reverse-injection block (TBD exact)","BLOCKED","BLOCKED - PHYSICAL DEFINITION REQUIRED","Exact one-to-one device, package, pin map, or prototype-rated physical definition is not released.","YES","YES","NO","NO","NO","NO","Stage C - core 3.3 V and MCU population"
"L201","02_Power_Conversion","15 uH +/-20%; hot Isat >=3.2 A; Irms >=2.1 A; DCR <=100 mOhm; -40..125 C","BLOCKED","BLOCKED - PHYSICAL DEFINITION REQUIRED","Exact one-to-one device, package, pin map, or prototype-rated physical definition is not released.","YES","YES","NO","NO","NO","NO","Stage C - core 3.3 V and MCU population"
"L202","02_Power_Conversion","2.2 uH +/-20%; hot Isat >=4.0 A; Irms >=1.6 A; DCR <=60 mOhm; -40..125 C","BLOCKED","BLOCKED - PHYSICAL DEFINITION REQUIRED","Exact one-to-one device, package, pin map, or prototype-rated physical definition is not released.","YES","YES","NO","NO","NO","NO","Stage C - core 3.3 V and MCU population"
"R201","02_Power_Conversion","64.9 kΩ ±1%, ≤100 ppm/°C — LMR38020F-Q1 RT/SYNC, 400 kHz","BLOCKED","BLOCKED - PHYSICAL DEFINITION REQUIRED","Exact one-to-one device, package, pin map, or prototype-rated physical definition is not released.","YES","YES","NO","NO","NO","NO","Stage C - core 3.3 V and MCU population"
"R202","02_Power_Conversion","100 kΩ 0.1%","BLOCKED","BLOCKED - PHYSICAL DEFINITION REQUIRED","Exact one-to-one device, package, pin map, or prototype-rated physical definition is not released.","YES","YES","NO","NO","NO","NO","Stage C - core 3.3 V and MCU population"
"R203","02_Power_Conversion","24.9 kΩ 0.1%","BLOCKED","BLOCKED - PHYSICAL DEFINITION REQUIRED","Exact one-to-one device, package, pin map, or prototype-rated physical definition is not released.","YES","YES","NO","NO","NO","NO","Stage C - core 3.3 V and MCU population"
"R204","02_Power_Conversion","100 kΩ","FROZEN","POPULATE - REQUIRED","Current EBOM row is FROZEN and required by the released electrical implementation.","YES","YES","NO","NO","NO","NO","Stage C - core 3.3 V and MCU population"
"R205","02_Power_Conversion","10.2 kΩ 1%","BLOCKED","BLOCKED - PHYSICAL DEFINITION REQUIRED","Exact one-to-one device, package, pin map, or prototype-rated physical definition is not released.","YES","YES","NO","NO","NO","NO","Stage C - core 3.3 V and MCU population"
"R206","02_Power_Conversion","5.00 kΩ 1%","BLOCKED","BLOCKED - PHYSICAL DEFINITION REQUIRED","Exact one-to-one device, package, pin map, or prototype-rated physical definition is not released.","YES","YES","NO","NO","NO","NO","Stage C - core 3.3 V and MCU population"
"R207","02_Power_Conversion","23.7 kΩ 1%","BLOCKED","BLOCKED - PHYSICAL DEFINITION REQUIRED","Exact one-to-one device, package, pin map, or prototype-rated physical definition is not released.","YES","YES","NO","NO","NO","NO","Stage C - core 3.3 V and MCU population"
"R208","02_Power_Conversion","5.00 kΩ 1%","BLOCKED","BLOCKED - PHYSICAL DEFINITION REQUIRED","Exact one-to-one device, package, pin map, or prototype-rated physical definition is not released.","YES","YES","NO","NO","NO","NO","Stage C - core 3.3 V and MCU population"
"R209","02_Power_Conversion","60.4 kΩ 1% — ≈2 A limit (verify)","BLOCKED","BLOCKED - PHYSICAL DEFINITION REQUIRED","Exact one-to-one device, package, pin map, or prototype-rated physical definition is not released.","YES","YES","NO","NO","NO","NO","Stage C - core 3.3 V and MCU population"
"R210","02_Power_Conversion","316 kΩ 0.1%","BLOCKED","BLOCKED - PHYSICAL DEFINITION REQUIRED","Exact one-to-one device, package, pin map, or prototype-rated physical definition is not released.","YES","YES","NO","NO","NO","NO","Stage C - core 3.3 V and MCU population"
"R211","02_Power_Conversion","100 kΩ 0.1%","BLOCKED","BLOCKED - PHYSICAL DEFINITION REQUIRED","Exact one-to-one device, package, pin map, or prototype-rated physical definition is not released.","YES","YES","NO","NO","NO","NO","Stage C - core 3.3 V and MCU population"
"R212","02_Power_Conversion","100 kΩ enable","FROZEN","POPULATE - REQUIRED","Current EBOM row is FROZEN and required by the released electrical implementation.","YES","YES","NO","NO","NO","NO","Stage C - core 3.3 V and MCU population"
"R213","02_Power_Conversion","10 kΩ PGOOD pull-up","BLOCKED","BLOCKED - PHYSICAL DEFINITION REQUIRED","Exact one-to-one device, package, pin map, or prototype-rated physical definition is not released.","YES","YES","NO","NO","NO","NO","Stage C - core 3.3 V and MCU population"
"R214","02_Power_Conversion","100 kΩ fail-low","FROZEN","POPULATE - REQUIRED","Current EBOM row is FROZEN and required by the released electrical implementation.","YES","YES","NO","NO","NO","NO","Stage C - core 3.3 V and MCU population"
"R215","02_Power_Conversion","10 kΩ main-bias pull-up","BLOCKED","BLOCKED - PHYSICAL DEFINITION REQUIRED","Exact one-to-one device, package, pin map, or prototype-rated physical definition is not released.","YES","YES","NO","NO","NO","NO","Stage C - core 3.3 V and MCU population"
"R216","02_Power_Conversion","100 kΩ bias feed","FROZEN","POPULATE - REQUIRED","Current EBOM row is FROZEN and required by the released electrical implementation.","YES","YES","NO","NO","NO","NO","Stage C - core 3.3 V and MCU population"
"R217","02_Power_Conversion","10 kΩ PGOOD pull-up","BLOCKED","BLOCKED - PHYSICAL DEFINITION REQUIRED","Exact one-to-one device, package, pin map, or prototype-rated physical definition is not released.","YES","YES","NO","NO","NO","NO","Stage C - core 3.3 V and MCU population"
"R218","02_Power_Conversion","100 kΩ fail-low","FROZEN","POPULATE - REQUIRED","Current EBOM row is FROZEN and required by the released electrical implementation.","YES","YES","NO","NO","NO","NO","Stage C - core 3.3 V and MCU population"
"R219","02_Power_Conversion","100 kΩ fail-low","FROZEN","POPULATE - REQUIRED","Current EBOM row is FROZEN and required by the released electrical implementation.","YES","YES","NO","NO","NO","NO","Stage C - core 3.3 V and MCU population"
"R220","02_Power_Conversion","100 kΩ fail-low","FROZEN","POPULATE - REQUIRED","Current EBOM row is FROZEN and required by the released electrical implementation.","YES","YES","NO","NO","NO","NO","Stage C - core 3.3 V and MCU population"
"R221","02_Power_Conversion","100 kΩ fail-low","FROZEN","POPULATE - REQUIRED","Current EBOM row is FROZEN and required by the released electrical implementation.","YES","YES","NO","NO","NO","NO","Stage C - core 3.3 V and MCU population"
"R222","02_Power_Conversion","141 kΩ ±1%, ≤100 ppm/°C — TPS2553-Q1 ILIM; 162.8..222.4 mA worst case","BLOCKED","BLOCKED - PHYSICAL DEFINITION REQUIRED","Exact one-to-one device, package, pin map, or prototype-rated physical definition is not released.","YES","YES","NO","NO","NO","NO","Stage C - core 3.3 V and MCU population"
"R223","02_Power_Conversion","141 kΩ ±1%, ≤100 ppm/°C — TPS2553-Q1 ILIM; 162.8..222.4 mA worst case","BLOCKED","BLOCKED - PHYSICAL DEFINITION REQUIRED","Exact one-to-one device, package, pin map, or prototype-rated physical definition is not released.","YES","YES","NO","NO","NO","NO","Stage C - core 3.3 V and MCU population"
"R224","02_Power_Conversion","141 kΩ ±1%, ≤100 ppm/°C — TPS2553-Q1 ILIM; 162.8..222.4 mA worst case","BLOCKED","BLOCKED - PHYSICAL DEFINITION REQUIRED","Exact one-to-one device, package, pin map, or prototype-rated physical definition is not released.","YES","YES","NO","NO","NO","NO","Stage C - core 3.3 V and MCU population"
"R225","02_Power_Conversion","1 kΩ QOD limit","BLOCKED","BLOCKED - PHYSICAL DEFINITION REQUIRED","Exact one-to-one device, package, pin map, or prototype-rated physical definition is not released.","YES","YES","NO","NO","NO","NO","Stage C - core 3.3 V and MCU population"
"R226","02_Power_Conversion","1 kΩ QOD limit","BLOCKED","BLOCKED - PHYSICAL DEFINITION REQUIRED","Exact one-to-one device, package, pin map, or prototype-rated physical definition is not released.","YES","YES","NO","NO","NO","NO","Stage C - core 3.3 V and MCU population"
"R227","02_Power_Conversion","1 kΩ QOD limit","BLOCKED","BLOCKED - PHYSICAL DEFINITION REQUIRED","Exact one-to-one device, package, pin map, or prototype-rated physical definition is not released.","YES","YES","NO","NO","NO","NO","Stage C - core 3.3 V and MCU population"
"R228","02_Power_Conversion","1 kΩ QOD limit","BLOCKED","BLOCKED - PHYSICAL DEFINITION REQUIRED","Exact one-to-one device, package, pin map, or prototype-rated physical definition is not released.","YES","YES","NO","NO","NO","NO","Stage C - core 3.3 V and MCU population"
"R229","02_Power_Conversion","1 kΩ QOD limit","BLOCKED","BLOCKED - PHYSICAL DEFINITION REQUIRED","Exact one-to-one device, package, pin map, or prototype-rated physical definition is not released.","YES","YES","NO","NO","NO","NO","Stage C - core 3.3 V and MCU population"
"R230","02_Power_Conversion","23.7 kΩ 1% — USB OV2","BLOCKED","BLOCKED - PHYSICAL DEFINITION REQUIRED","Exact one-to-one device, package, pin map, or prototype-rated physical definition is not released.","YES","YES","NO","YES","NO","NO","Stage C - core 3.3 V and MCU population"
"R231","02_Power_Conversion","5.00 kΩ 1%","BLOCKED","BLOCKED - PHYSICAL DEFINITION REQUIRED","Exact one-to-one device, package, pin map, or prototype-rated physical definition is not released.","YES","YES","NO","NO","NO","NO","Stage C - core 3.3 V and MCU population"
"U201","02_Power_Conversion","LMR38020F-Q1 adjustable-frequency family; 4.2..80 V; 5.0 V/2 A; RT/SYNC-programmed 400 kHz; PGOOD; spread spectrum","BLOCKED","BLOCKED - PHYSICAL DEFINITION REQUIRED","Exact one-to-one device, package, pin map, or prototype-rated physical definition is not released.","YES","YES","NO","NO","NO","NO","Stage C - core 3.3 V and MCU population"
"U202","02_Power_Conversion","TPS2121RUXR priority power mux","BLOCKED","BLOCKED - PHYSICAL DEFINITION REQUIRED","Exact one-to-one device, package, pin map, or prototype-rated physical definition is not released.","YES","YES","NO","NO","NO","NO","Stage C - core 3.3 V and MCU population"
"U203","02_Power_Conversion","4.4..5.25 V synchronous buck class; 3.3 V/1.5 A continuous; >=2.5 A limit; ~2.5 MHz; Tj <=110 C","BLOCKED","BLOCKED - PHYSICAL DEFINITION REQUIRED","Exact one-to-one device, package, pin map, or prototype-rated physical definition is not released.","YES","YES","NO","NO","NO","NO","Stage C - core 3.3 V and MCU population"
"U204","02_Power_Conversion","SN74LVC1G08-Q1 — MAIN_INPUT_VALID AND MAIN_5V_PGOOD","BLOCKED","BLOCKED - PHYSICAL DEFINITION REQUIRED","Exact one-to-one device, package, pin map, or prototype-rated physical definition is not released.","YES","YES","NO","NO","NO","NO","Stage C - core 3.3 V and MCU population"
"U205","02_Power_Conversion","SN74LVC08A-Q1 quad AND — request × MAIN_POWER_GOOD","BLOCKED","BLOCKED - PHYSICAL DEFINITION REQUIRED","Exact one-to-one device, package, pin map, or prototype-rated physical definition is not released.","YES","YES","NO","NO","NO","NO","Stage C - core 3.3 V and MCU population"
"U206","02_Power_Conversion","TPS22918-Q1 OLED load switch","BLOCKED","BLOCKED - PHYSICAL DEFINITION REQUIRED","Exact one-to-one device, package, pin map, or prototype-rated physical definition is not released.","YES","YES","NO","NO","NO","NO","Stage C - core 3.3 V and MCU population"
"U207","02_Power_Conversion","TPS22918-Q1 SENSOR load switch","BLOCKED","BLOCKED - PHYSICAL DEFINITION REQUIRED","Exact one-to-one device, package, pin map, or prototype-rated physical definition is not released.","YES","YES","NO","NO","NO","NO","Stage C - core 3.3 V and MCU population"
"U208","02_Power_Conversion","TPS22918-Q1 UI load switch","BLOCKED","BLOCKED - PHYSICAL DEFINITION REQUIRED","Exact one-to-one device, package, pin map, or prototype-rated physical definition is not released.","YES","YES","NO","NO","NO","NO","Stage C - core 3.3 V and MCU population"
"U209","02_Power_Conversion","TPS2553-Q1 active-high EXPANSION switch; 141 kΩ RILIM; 162.8..222.4 mA; OPTIONAL/DNP","BLOCKED","DNP - DEFAULT","Released optional/DNP function; retain unpopulated unless a controlled prototype test requires it.","YES","NO","NO","NO","NO","NO","Stage C - core 3.3 V and MCU population"
"U210","02_Power_Conversion","TPS22918-Q1 RELAY logic branch","BLOCKED","BLOCKED - PHYSICAL DEFINITION REQUIRED","Exact one-to-one device, package, pin map, or prototype-rated physical definition is not released.","YES","YES","NO","NO","NO","NO","Stage C - core 3.3 V and MCU population"
"U211","02_Power_Conversion","TPS22918-Q1 FIELD-SENSE branch","BLOCKED","BLOCKED - PHYSICAL DEFINITION REQUIRED","Exact one-to-one device, package, pin map, or prototype-rated physical definition is not released.","YES","YES","NO","NO","NO","NO","Stage C - core 3.3 V and MCU population"
"U212","02_Power_Conversion","TPS2553-Q1 active-high motor-logic switch; 141 kΩ RILIM; 162.8..222.4 mA","BLOCKED","BLOCKED - PHYSICAL DEFINITION REQUIRED","Exact one-to-one device, package, pin map, or prototype-rated physical definition is not released.","YES","YES","NO","NO","NO","NO","Stage C - core 3.3 V and MCU population"
"U213","02_Power_Conversion","TPS2553-Q1 active-high motor-logic switch; 141 kΩ RILIM; 162.8..222.4 mA","BLOCKED","BLOCKED - PHYSICAL DEFINITION REQUIRED","Exact one-to-one device, package, pin map, or prototype-rated physical definition is not released.","YES","YES","NO","NO","NO","NO","Stage C - core 3.3 V and MCU population"
"C301","03_ESP32_Core","22 µF effective bulk","NOT YET FROZEN","BLOCKED - PHYSICAL DEFINITION REQUIRED","Exact one-to-one device, package, pin map, or prototype-rated physical definition is not released.","NO","YES","NO","NO","NO","NO","Stage C - core 3.3 V and MCU population"
"C302","03_ESP32_Core","1 µF X7R","NOT YET FROZEN","BLOCKED - PHYSICAL DEFINITION REQUIRED","Exact one-to-one device, package, pin map, or prototype-rated physical definition is not released.","NO","YES","NO","NO","NO","NO","Stage C - core 3.3 V and MCU population"
"C303","03_ESP32_Core","100 nF X7R","NOT YET FROZEN","BLOCKED - PHYSICAL DEFINITION REQUIRED","Exact one-to-one device, package, pin map, or prototype-rated physical definition is not released.","NO","YES","NO","NO","NO","NO","Stage C - core 3.3 V and MCU population"
"C304","03_ESP32_Core","1 µF EN RC starting value","NOT YET FROZEN","BLOCKED - PHYSICAL DEFINITION REQUIRED","Exact one-to-one device, package, pin map, or prototype-rated physical definition is not released.","NO","YES","NO","NO","NO","NO","Stage C - core 3.3 V and MCU population"
"C305","03_ESP32_Core","93.1 nF Â±1% C0G/NP0 â‰¥10 V; CT; 99.642 ms nominal; leakage â‰¤10 nA; -40..125 Â°C","BLOCKED","BLOCKED - PHYSICAL DEFINITION REQUIRED","Exact one-to-one device, package, pin map, or prototype-rated physical definition is not released.","NO","YES","NO","NO","NO","NO","Stage C - core 3.3 V and MCU population"
"C306","03_ESP32_Core","100 nF supervisor bypass","BLOCKED","BLOCKED - PHYSICAL DEFINITION REQUIRED","Exact one-to-one device, package, pin map, or prototype-rated physical definition is not released.","NO","YES","NO","NO","NO","NO","Stage C - core 3.3 V and MCU population"
"R301","03_ESP32_Core","10 kΩ EN/reset pull-up","NOT YET FROZEN","BLOCKED - PHYSICAL DEFINITION REQUIRED","Exact one-to-one device, package, pin map, or prototype-rated physical definition is not released.","NO","YES","NO","NO","NO","NO","Stage C - core 3.3 V and MCU population"
"R302","03_ESP32_Core","10 kΩ GPIO0 boot pull-up","NOT YET FROZEN","BLOCKED - PHYSICAL DEFINITION REQUIRED","Exact one-to-one device, package, pin map, or prototype-rated physical definition is not released.","NO","YES","NO","NO","NO","NO","Stage C - core 3.3 V and MCU population"
"R303","03_ESP32_Core","22 Ω USB D- tuning","NOT YET FROZEN","BLOCKED - PHYSICAL DEFINITION REQUIRED","Exact one-to-one device, package, pin map, or prototype-rated physical definition is not released.","NO","YES","NO","YES","NO","NO","Stage D - USB and programming"
"R304","03_ESP32_Core","22 Ω USB D+ tuning","NOT YET FROZEN","BLOCKED - PHYSICAL DEFINITION REQUIRED","Exact one-to-one device, package, pin map, or prototype-rated physical definition is not released.","NO","YES","NO","YES","NO","NO","Stage D - USB and programming"
"R305","03_ESP32_Core","499 Ω UART0 TX EMC series","NOT YET FROZEN","BLOCKED - PHYSICAL DEFINITION REQUIRED","Exact one-to-one device, package, pin map, or prototype-rated physical definition is not released.","NO","YES","NO","NO","NO","NO","Stage C - core 3.3 V and MCU population"
"SW301","03_ESP32_Core","RESET — momentary NO","NOT YET FROZEN","BLOCKED - PHYSICAL DEFINITION REQUIRED","Exact one-to-one device, package, pin map, or prototype-rated physical definition is not released.","NO","YES","NO","NO","NO","NO","Stage C - core 3.3 V and MCU population"
"SW302","03_ESP32_Core","BOOT — momentary NO","NOT YET FROZEN","BLOCKED - PHYSICAL DEFINITION REQUIRED","Exact one-to-one device, package, pin map, or prototype-rated physical definition is not released.","NO","YES","NO","NO","NO","NO","Stage C - core 3.3 V and MCU population"
"U301","03_ESP32_Core","ESP32-S3-WROOM-1-N8","NOT YET FROZEN","BLOCKED - PHYSICAL DEFINITION REQUIRED","Exact one-to-one device, package, pin map, or prototype-rated physical definition is not released.","YES","YES","NO","YES","NO","NO","Stage C - core 3.3 V and MCU population"
"U302","03_ESP32_Core","TPS389030-Q1 2.89 V typ / 100 ms target","BLOCKED","BLOCKED - PHYSICAL DEFINITION REQUIRED","Exact one-to-one device, package, pin map, or prototype-rated physical definition is not released.","YES","YES","NO","NO","NO","NO","Stage C - core 3.3 V and MCU population"
"U303","03_ESP32_Core","TPD2EUSB30 low-capacitance ESD boundary","NOT YET FROZEN","BLOCKED - PHYSICAL DEFINITION REQUIRED","Exact one-to-one device, package, pin map, or prototype-rated physical definition is not released.","NO","YES","NO","YES","NO","NO","Stage D - USB and programming"
"C401","04_Safety_Inputs","100 nF X7R 10 V","NOT YET FROZEN","BLOCKED - PHYSICAL DEFINITION REQUIRED","Exact one-to-one device, package, pin map, or prototype-rated physical definition is not released.","NO","YES","YES","NO","NO","NO","Stage F - safety and watchdog"
"C402","04_Safety_Inputs","100 nF X7R 10 V","NOT YET FROZEN","BLOCKED - PHYSICAL DEFINITION REQUIRED","Exact one-to-one device, package, pin map, or prototype-rated physical definition is not released.","NO","YES","YES","NO","NO","NO","Stage F - safety and watchdog"
"C403","04_Safety_Inputs","100 nF X7R/C0G, τ=100 µs","NOT YET FROZEN","BLOCKED - PHYSICAL DEFINITION REQUIRED","Exact one-to-one device, package, pin map, or prototype-rated physical definition is not released.","NO","YES","YES","NO","NO","NO","Stage F - safety and watchdog"
"C404","04_Safety_Inputs","100 nF X7R/C0G, τ=100 µs","NOT YET FROZEN","BLOCKED - PHYSICAL DEFINITION REQUIRED","Exact one-to-one device, package, pin map, or prototype-rated physical definition is not released.","NO","YES","YES","NO","NO","NO","Stage F - safety and watchdog"
"C405","04_Safety_Inputs","100 nF X7R/C0G, τ=100 µs","NOT YET FROZEN","BLOCKED - PHYSICAL DEFINITION REQUIRED","Exact one-to-one device, package, pin map, or prototype-rated physical definition is not released.","NO","YES","YES","NO","NO","NO","Stage F - safety and watchdog"
"C406","04_Safety_Inputs","100 nF X7R/C0G, τ=100 µs","NOT YET FROZEN","BLOCKED - PHYSICAL DEFINITION REQUIRED","Exact one-to-one device, package, pin map, or prototype-rated physical definition is not released.","NO","YES","YES","NO","NO","NO","Stage F - safety and watchdog"
"C407","04_Safety_Inputs","100 nF X7R/C0G, τ=100 µs","NOT YET FROZEN","BLOCKED - PHYSICAL DEFINITION REQUIRED","Exact one-to-one device, package, pin map, or prototype-rated physical definition is not released.","NO","YES","YES","NO","NO","NO","Stage F - safety and watchdog"
"C408","04_Safety_Inputs","100 nF X7R, τ=100 µs","NOT YET FROZEN","BLOCKED - PHYSICAL DEFINITION REQUIRED","Exact one-to-one device, package, pin map, or prototype-rated physical definition is not released.","NO","YES","YES","NO","NO","NO","Stage F - safety and watchdog"
"C409","04_Safety_Inputs","100 nF X7R, τ=100 µs","NOT YET FROZEN","BLOCKED - PHYSICAL DEFINITION REQUIRED","Exact one-to-one device, package, pin map, or prototype-rated physical definition is not released.","NO","YES","YES","NO","NO","NO","Stage F - safety and watchdog"
"C410","04_Safety_Inputs","100 nF X7R LM339B-Q1 local bypass","NOT YET FROZEN","BLOCKED - PHYSICAL DEFINITION REQUIRED","Exact one-to-one device, package, pin map, or prototype-rated physical definition is not released.","NO","YES","YES","NO","NO","NO","Stage F - safety and watchdog"
"C411","04_Safety_Inputs","100 nF X7R LM339B-Q1 local bypass","NOT YET FROZEN","BLOCKED - PHYSICAL DEFINITION REQUIRED","Exact one-to-one device, package, pin map, or prototype-rated physical definition is not released.","NO","YES","YES","NO","NO","NO","Stage F - safety and watchdog"
"C412","04_Safety_Inputs","100 nF X7R LM339B-Q1 local bypass","NOT YET FROZEN","BLOCKED - PHYSICAL DEFINITION REQUIRED","Exact one-to-one device, package, pin map, or prototype-rated physical definition is not released.","NO","YES","YES","NO","NO","NO","Stage F - safety and watchdog"
"C413","04_Safety_Inputs","1 µF X7R local logic bulk","NOT YET FROZEN","BLOCKED - PHYSICAL DEFINITION REQUIRED","Exact one-to-one device, package, pin map, or prototype-rated physical definition is not released.","NO","YES","YES","NO","NO","NO","Stage F - safety and watchdog"
"D401","04_Safety_Inputs","TPD4E05U06 channel / low-cap ESD clamp","NOT YET FROZEN","BLOCKED - PHYSICAL DEFINITION REQUIRED","Exact one-to-one device, package, pin map, or prototype-rated physical definition is not released.","NO","YES","YES","NO","NO","NO","Stage F - safety and watchdog"
"D402","04_Safety_Inputs","TPD4E05U06 channel / low-cap ESD clamp","NOT YET FROZEN","BLOCKED - PHYSICAL DEFINITION REQUIRED","Exact one-to-one device, package, pin map, or prototype-rated physical definition is not released.","NO","YES","YES","NO","NO","NO","Stage F - safety and watchdog"
"D403","04_Safety_Inputs","TPD4E05U06 channel / low-cap ESD clamp","NOT YET FROZEN","BLOCKED - PHYSICAL DEFINITION REQUIRED","Exact one-to-one device, package, pin map, or prototype-rated physical definition is not released.","NO","YES","YES","NO","NO","NO","Stage F - safety and watchdog"
"D404","04_Safety_Inputs","TPD4E05U06 channel / low-cap ESD clamp","NOT YET FROZEN","BLOCKED - PHYSICAL DEFINITION REQUIRED","Exact one-to-one device, package, pin map, or prototype-rated physical definition is not released.","NO","YES","YES","NO","NO","NO","Stage F - safety and watchdog"
"D405","04_Safety_Inputs","TPD4E05U06 channel / low-cap ESD clamp","NOT YET FROZEN","BLOCKED - PHYSICAL DEFINITION REQUIRED","Exact one-to-one device, package, pin map, or prototype-rated physical definition is not released.","NO","YES","YES","NO","NO","NO","Stage F - safety and watchdog"
"D406","04_Safety_Inputs","TPD4E05U06 channel / low-cap ESD clamp","NOT YET FROZEN","BLOCKED - PHYSICAL DEFINITION REQUIRED","Exact one-to-one device, package, pin map, or prototype-rated physical definition is not released.","NO","YES","YES","NO","NO","NO","Stage F - safety and watchdog"
"D407","04_Safety_Inputs","TPD4E05U06 channel / low-cap ESD clamp","NOT YET FROZEN","BLOCKED - PHYSICAL DEFINITION REQUIRED","Exact one-to-one device, package, pin map, or prototype-rated physical definition is not released.","NO","YES","YES","NO","NO","NO","Stage F - safety and watchdog"
"R401","04_Safety_Inputs","10.0 kΩ ±0.1% threshold ladder","NOT YET FROZEN","BLOCKED - PHYSICAL DEFINITION REQUIRED","Exact one-to-one device, package, pin map, or prototype-rated physical definition is not released.","NO","YES","YES","NO","NO","NO","Stage F - safety and watchdog"
"R402","04_Safety_Inputs","10.0 kΩ ±0.1%","NOT YET FROZEN","BLOCKED - PHYSICAL DEFINITION REQUIRED","Exact one-to-one device, package, pin map, or prototype-rated physical definition is not released.","NO","YES","YES","NO","NO","NO","Stage F - safety and watchdog"
"R403","04_Safety_Inputs","10.0 kΩ ±0.1%","NOT YET FROZEN","BLOCKED - PHYSICAL DEFINITION REQUIRED","Exact one-to-one device, package, pin map, or prototype-rated physical definition is not released.","NO","YES","YES","NO","NO","NO","Stage F - safety and watchdog"
"R404","04_Safety_Inputs","10.0 kΩ ±0.1%","NOT YET FROZEN","BLOCKED - PHYSICAL DEFINITION REQUIRED","Exact one-to-one device, package, pin map, or prototype-rated physical definition is not released.","NO","YES","YES","NO","NO","NO","Stage F - safety and watchdog"
"R405","04_Safety_Inputs","10.0 kΩ ±0.1%","NOT YET FROZEN","BLOCKED - PHYSICAL DEFINITION REQUIRED","Exact one-to-one device, package, pin map, or prototype-rated physical definition is not released.","NO","YES","YES","NO","NO","NO","Stage F - safety and watchdog"
"R406","04_Safety_Inputs","10.0 kΩ ±1% field detector top","NOT YET FROZEN","BLOCKED - PHYSICAL DEFINITION REQUIRED","Exact one-to-one device, package, pin map, or prototype-rated physical definition is not released.","NO","YES","YES","NO","NO","NO","Stage F - safety and watchdog"
"R407","04_Safety_Inputs","20.0 kΩ ±1% field detector bottom","NOT YET FROZEN","BLOCKED - PHYSICAL DEFINITION REQUIRED","Exact one-to-one device, package, pin map, or prototype-rated physical definition is not released.","NO","YES","YES","NO","NO","NO","Stage F - safety and watchdog"
"R408","04_Safety_Inputs","2.20 kΩ ±1% loop excitation","NOT YET FROZEN","BLOCKED - PHYSICAL DEFINITION REQUIRED","Exact one-to-one device, package, pin map, or prototype-rated physical definition is not released.","NO","YES","YES","NO","NO","NO","Stage F - safety and watchdog"
"R409","04_Safety_Inputs","1.00 kΩ ±1% protected series","NOT YET FROZEN","BLOCKED - PHYSICAL DEFINITION REQUIRED","Exact one-to-one device, package, pin map, or prototype-rated physical definition is not released.","NO","YES","YES","NO","NO","NO","Stage F - safety and watchdog"
"R410","04_Safety_Inputs","2.20 kΩ ±1% loop excitation","NOT YET FROZEN","BLOCKED - PHYSICAL DEFINITION REQUIRED","Exact one-to-one device, package, pin map, or prototype-rated physical definition is not released.","NO","YES","YES","NO","NO","NO","Stage F - safety and watchdog"
"R411","04_Safety_Inputs","1.00 kΩ ±1% protected series","NOT YET FROZEN","BLOCKED - PHYSICAL DEFINITION REQUIRED","Exact one-to-one device, package, pin map, or prototype-rated physical definition is not released.","NO","YES","YES","NO","NO","NO","Stage F - safety and watchdog"
"R412","04_Safety_Inputs","2.20 kΩ ±1% loop excitation","NOT YET FROZEN","BLOCKED - PHYSICAL DEFINITION REQUIRED","Exact one-to-one device, package, pin map, or prototype-rated physical definition is not released.","NO","YES","YES","NO","NO","NO","Stage F - safety and watchdog"
"R413","04_Safety_Inputs","1.00 kΩ ±1% protected series","NOT YET FROZEN","BLOCKED - PHYSICAL DEFINITION REQUIRED","Exact one-to-one device, package, pin map, or prototype-rated physical definition is not released.","NO","YES","YES","NO","NO","NO","Stage F - safety and watchdog"
"R414","04_Safety_Inputs","2.20 kΩ ±1% loop excitation","NOT YET FROZEN","BLOCKED - PHYSICAL DEFINITION REQUIRED","Exact one-to-one device, package, pin map, or prototype-rated physical definition is not released.","NO","YES","YES","NO","NO","NO","Stage F - safety and watchdog"
"R415","04_Safety_Inputs","1.00 kΩ ±1% protected series","NOT YET FROZEN","BLOCKED - PHYSICAL DEFINITION REQUIRED","Exact one-to-one device, package, pin map, or prototype-rated physical definition is not released.","NO","YES","YES","NO","NO","NO","Stage F - safety and watchdog"
"R416","04_Safety_Inputs","2.20 kΩ ±1% loop excitation","NOT YET FROZEN","BLOCKED - PHYSICAL DEFINITION REQUIRED","Exact one-to-one device, package, pin map, or prototype-rated physical definition is not released.","NO","YES","YES","NO","NO","NO","Stage F - safety and watchdog"
"R417","04_Safety_Inputs","1.00 kΩ ±1% protected series","NOT YET FROZEN","BLOCKED - PHYSICAL DEFINITION REQUIRED","Exact one-to-one device, package, pin map, or prototype-rated physical definition is not released.","NO","YES","YES","NO","NO","NO","Stage F - safety and watchdog"
"R418","04_Safety_Inputs","100 kΩ fail-high bias","NOT YET FROZEN","BLOCKED - PHYSICAL DEFINITION REQUIRED","Exact one-to-one device, package, pin map, or prototype-rated physical definition is not released.","NO","YES","YES","NO","NO","NO","Stage F - safety and watchdog"
"R419","04_Safety_Inputs","10.0 kΩ ±1% main-only wetting/bias","NOT YET FROZEN","BLOCKED - PHYSICAL DEFINITION REQUIRED","Exact one-to-one device, package, pin map, or prototype-rated physical definition is not released.","NO","YES","YES","NO","NO","NO","Stage F - safety and watchdog"
"R420","04_Safety_Inputs","1.00 kΩ ±1% protected series","NOT YET FROZEN","BLOCKED - PHYSICAL DEFINITION REQUIRED","Exact one-to-one device, package, pin map, or prototype-rated physical definition is not released.","NO","YES","YES","NO","NO","NO","Stage F - safety and watchdog"
"R421","04_Safety_Inputs","100 kΩ deterministic field-off pull-down","NOT YET FROZEN","BLOCKED - PHYSICAL DEFINITION REQUIRED","Exact one-to-one device, package, pin map, or prototype-rated physical definition is not released.","NO","YES","YES","NO","NO","NO","Stage F - safety and watchdog"
"R422","04_Safety_Inputs","10.0 kΩ ±1% main-only wetting/bias","NOT YET FROZEN","BLOCKED - PHYSICAL DEFINITION REQUIRED","Exact one-to-one device, package, pin map, or prototype-rated physical definition is not released.","NO","YES","YES","NO","NO","NO","Stage F - safety and watchdog"
"R423","04_Safety_Inputs","1.00 kΩ ±1% protected series","NOT YET FROZEN","BLOCKED - PHYSICAL DEFINITION REQUIRED","Exact one-to-one device, package, pin map, or prototype-rated physical definition is not released.","NO","YES","YES","NO","NO","NO","Stage F - safety and watchdog"
"R424","04_Safety_Inputs","100 kΩ deterministic field-off pull-down","NOT YET FROZEN","BLOCKED - PHYSICAL DEFINITION REQUIRED","Exact one-to-one device, package, pin map, or prototype-rated physical definition is not released.","NO","YES","YES","NO","NO","NO","Stage F - safety and watchdog"
"U401AB","04_Safety_Inputs","LM339B-Q1 dual threshold + SN74LVC14A-Q1 combine","NOT YET FROZEN","BLOCKED - PHYSICAL DEFINITION REQUIRED","Exact one-to-one device, package, pin map, or prototype-rated physical definition is not released.","NO","YES","YES","NO","NO","NO","Stage F - safety and watchdog"
"U401CD","04_Safety_Inputs","LM339B-Q1 dual threshold + SN74LVC14A-Q1 combine","NOT YET FROZEN","BLOCKED - PHYSICAL DEFINITION REQUIRED","Exact one-to-one device, package, pin map, or prototype-rated physical definition is not released.","NO","YES","YES","NO","NO","NO","Stage F - safety and watchdog"
"U402AB","04_Safety_Inputs","LM339B-Q1 dual threshold + SN74LVC14A-Q1 combine","NOT YET FROZEN","BLOCKED - PHYSICAL DEFINITION REQUIRED","Exact one-to-one device, package, pin map, or prototype-rated physical definition is not released.","NO","YES","YES","NO","NO","NO","Stage F - safety and watchdog"
"U402CD","04_Safety_Inputs","LM339B-Q1 dual threshold + SN74LVC14A-Q1 combine","NOT YET FROZEN","BLOCKED - PHYSICAL DEFINITION REQUIRED","Exact one-to-one device, package, pin map, or prototype-rated physical definition is not released.","NO","YES","YES","NO","NO","NO","Stage F - safety and watchdog"
"U403AB","04_Safety_Inputs","LM339B-Q1 dual threshold + SN74LVC14A-Q1 combine","NOT YET FROZEN","BLOCKED - PHYSICAL DEFINITION REQUIRED","Exact one-to-one device, package, pin map, or prototype-rated physical definition is not released.","NO","YES","YES","NO","NO","NO","Stage F - safety and watchdog"
"U403C","04_Safety_Inputs","LM339B-Q1 low-active receiver + FIELD_OK gate","NOT YET FROZEN","BLOCKED - PHYSICAL DEFINITION REQUIRED","Exact one-to-one device, package, pin map, or prototype-rated physical definition is not released.","NO","YES","YES","NO","NO","NO","Stage F - safety and watchdog"
"U403D","04_Safety_Inputs","LM339B-Q1 low-active receiver + FIELD_OK gate","NOT YET FROZEN","BLOCKED - PHYSICAL DEFINITION REQUIRED","Exact one-to-one device, package, pin map, or prototype-rated physical definition is not released.","NO","YES","YES","NO","NO","NO","Stage F - safety and watchdog"
"U404","04_Safety_Inputs","SN74LVC1G17-Q1 FIELD_SENSE detector, fail low","NOT YET FROZEN","BLOCKED - PHYSICAL DEFINITION REQUIRED","Exact one-to-one device, package, pin map, or prototype-rated physical definition is not released.","NO","YES","YES","NO","NO","NO","Stage F - safety and watchdog"
"U405","04_Safety_Inputs","SN74LVC1G17-Q1 STOP hardware export; passive fail-high bias","NOT YET FROZEN","BLOCKED - PHYSICAL DEFINITION REQUIRED","Exact one-to-one device, package, pin map, or prototype-rated physical definition is not released.","NO","YES","YES","NO","NO","NO","Stage F - safety and watchdog"
"C501","05_Motor_Interfaces","100 nF X7R VCCA bypass","NOT YET FROZEN","BLOCKED - PHYSICAL DEFINITION REQUIRED","Exact one-to-one device, package, pin map, or prototype-rated physical definition is not released.","NO","YES","YES","NO","YES","NO","Stage G - relay and motion outputs"
"C502","05_Motor_Interfaces","100 nF X7R VCCB bypass","NOT YET FROZEN","BLOCKED - PHYSICAL DEFINITION REQUIRED","Exact one-to-one device, package, pin map, or prototype-rated physical definition is not released.","NO","YES","YES","NO","YES","NO","Stage G - relay and motion outputs"
"C503","05_Motor_Interfaces","1 µF X7R local interface bulk","NOT YET FROZEN","BLOCKED - PHYSICAL DEFINITION REQUIRED","Exact one-to-one device, package, pin map, or prototype-rated physical definition is not released.","NO","YES","YES","NO","YES","NO","Stage G - relay and motion outputs"
"C504","05_Motor_Interfaces","100 nF X7R VCCA bypass","NOT YET FROZEN","BLOCKED - PHYSICAL DEFINITION REQUIRED","Exact one-to-one device, package, pin map, or prototype-rated physical definition is not released.","NO","YES","YES","NO","YES","NO","Stage G - relay and motion outputs"
"C505","05_Motor_Interfaces","100 nF X7R VCCB bypass","NOT YET FROZEN","BLOCKED - PHYSICAL DEFINITION REQUIRED","Exact one-to-one device, package, pin map, or prototype-rated physical definition is not released.","NO","YES","YES","NO","YES","NO","Stage G - relay and motion outputs"
"C506","05_Motor_Interfaces","1 µF X7R local interface bulk","NOT YET FROZEN","BLOCKED - PHYSICAL DEFINITION REQUIRED","Exact one-to-one device, package, pin map, or prototype-rated physical definition is not released.","NO","YES","YES","NO","YES","NO","Stage G - relay and motion outputs"
"D501","05_Motor_Interfaces","TPD4E05U06 channel / connector-entry ESD provision","NOT YET FROZEN","BLOCKED - PHYSICAL DEFINITION REQUIRED","Exact one-to-one device, package, pin map, or prototype-rated physical definition is not released.","NO","YES","YES","NO","YES","NO","Stage G - relay and motion outputs"
"D502","05_Motor_Interfaces","TPD4E05U06 channel / connector-entry ESD provision","NOT YET FROZEN","BLOCKED - PHYSICAL DEFINITION REQUIRED","Exact one-to-one device, package, pin map, or prototype-rated physical definition is not released.","NO","YES","YES","NO","YES","NO","Stage G - relay and motion outputs"
"D503","05_Motor_Interfaces","TPD4E05U06 channel / connector-entry ESD provision","NOT YET FROZEN","BLOCKED - PHYSICAL DEFINITION REQUIRED","Exact one-to-one device, package, pin map, or prototype-rated physical definition is not released.","NO","YES","YES","NO","YES","NO","Stage G - relay and motion outputs"
"D504","05_Motor_Interfaces","TPD4E05U06 channel / connector-entry ESD provision","NOT YET FROZEN","BLOCKED - PHYSICAL DEFINITION REQUIRED","Exact one-to-one device, package, pin map, or prototype-rated physical definition is not released.","NO","YES","YES","NO","YES","NO","Stage G - relay and motion outputs"
"D505","05_Motor_Interfaces","TPD4E05U06 channel / connector-entry ESD provision","NOT YET FROZEN","BLOCKED - PHYSICAL DEFINITION REQUIRED","Exact one-to-one device, package, pin map, or prototype-rated physical definition is not released.","NO","YES","YES","NO","YES","NO","Stage G - relay and motion outputs"
"D506","05_Motor_Interfaces","TPD4E05U06 channel / connector-entry ESD provision","NOT YET FROZEN","BLOCKED - PHYSICAL DEFINITION REQUIRED","Exact one-to-one device, package, pin map, or prototype-rated physical definition is not released.","NO","YES","YES","NO","YES","NO","Stage G - relay and motion outputs"
"D507","05_Motor_Interfaces","TPD4E05U06 channel / connector-entry ESD provision","NOT YET FROZEN","BLOCKED - PHYSICAL DEFINITION REQUIRED","Exact one-to-one device, package, pin map, or prototype-rated physical definition is not released.","NO","YES","YES","NO","YES","NO","Stage G - relay and motion outputs"
"D508","05_Motor_Interfaces","TPD4E05U06 channel / connector-entry ESD provision","NOT YET FROZEN","BLOCKED - PHYSICAL DEFINITION REQUIRED","Exact one-to-one device, package, pin map, or prototype-rated physical definition is not released.","NO","YES","YES","NO","YES","NO","Stage G - relay and motion outputs"
"R501","05_Motor_Interfaces","100 kΩ authorization default off","NOT YET FROZEN","BLOCKED - PHYSICAL DEFINITION REQUIRED","Exact one-to-one device, package, pin map, or prototype-rated physical definition is not released.","NO","YES","YES","NO","YES","NO","Stage G - relay and motion outputs"
"R502","05_Motor_Interfaces","100 kΩ authorization default off","NOT YET FROZEN","BLOCKED - PHYSICAL DEFINITION REQUIRED","Exact one-to-one device, package, pin map, or prototype-rated physical definition is not released.","NO","YES","YES","NO","YES","NO","Stage G - relay and motion outputs"
"R503","05_Motor_Interfaces","47 kΩ MCU-side inactive default","NOT YET FROZEN","BLOCKED - PHYSICAL DEFINITION REQUIRED","Exact one-to-one device, package, pin map, or prototype-rated physical definition is not released.","NO","YES","YES","NO","YES","NO","Stage G - relay and motion outputs"
"R504","05_Motor_Interfaces","47 kΩ MCU-side inactive default","NOT YET FROZEN","BLOCKED - PHYSICAL DEFINITION REQUIRED","Exact one-to-one device, package, pin map, or prototype-rated physical definition is not released.","NO","YES","YES","NO","YES","NO","Stage G - relay and motion outputs"
"R505","05_Motor_Interfaces","47 kΩ MCU-side inactive default","NOT YET FROZEN","BLOCKED - PHYSICAL DEFINITION REQUIRED","Exact one-to-one device, package, pin map, or prototype-rated physical definition is not released.","NO","YES","YES","NO","YES","NO","Stage G - relay and motion outputs"
"R506","05_Motor_Interfaces","47 kΩ MCU-side inactive default","NOT YET FROZEN","BLOCKED - PHYSICAL DEFINITION REQUIRED","Exact one-to-one device, package, pin map, or prototype-rated physical definition is not released.","NO","YES","YES","NO","YES","NO","Stage G - relay and motion outputs"
"R507","05_Motor_Interfaces","33 Ω series damping","NOT YET FROZEN","BLOCKED - PHYSICAL DEFINITION REQUIRED","Exact one-to-one device, package, pin map, or prototype-rated physical definition is not released.","NO","YES","YES","NO","YES","NO","Stage G - relay and motion outputs"
"R508","05_Motor_Interfaces","10 kΩ safe-side inactive default","NOT YET FROZEN","BLOCKED - PHYSICAL DEFINITION REQUIRED","Exact one-to-one device, package, pin map, or prototype-rated physical definition is not released.","NO","YES","YES","NO","YES","NO","Stage G - relay and motion outputs"
"R509","05_Motor_Interfaces","33 Ω series damping","NOT YET FROZEN","BLOCKED - PHYSICAL DEFINITION REQUIRED","Exact one-to-one device, package, pin map, or prototype-rated physical definition is not released.","NO","YES","YES","NO","YES","NO","Stage G - relay and motion outputs"
"R510","05_Motor_Interfaces","10 kΩ safe-side inactive default","NOT YET FROZEN","BLOCKED - PHYSICAL DEFINITION REQUIRED","Exact one-to-one device, package, pin map, or prototype-rated physical definition is not released.","NO","YES","YES","NO","YES","NO","Stage G - relay and motion outputs"
"R511","05_Motor_Interfaces","33 Ω series damping","NOT YET FROZEN","BLOCKED - PHYSICAL DEFINITION REQUIRED","Exact one-to-one device, package, pin map, or prototype-rated physical definition is not released.","NO","YES","YES","NO","YES","NO","Stage G - relay and motion outputs"
"R512","05_Motor_Interfaces","10 kΩ safe-side inactive default","NOT YET FROZEN","BLOCKED - PHYSICAL DEFINITION REQUIRED","Exact one-to-one device, package, pin map, or prototype-rated physical definition is not released.","NO","YES","YES","NO","YES","NO","Stage G - relay and motion outputs"
"R513","05_Motor_Interfaces","33 Ω series damping","NOT YET FROZEN","BLOCKED - PHYSICAL DEFINITION REQUIRED","Exact one-to-one device, package, pin map, or prototype-rated physical definition is not released.","NO","YES","YES","NO","YES","NO","Stage G - relay and motion outputs"
"R514","05_Motor_Interfaces","10 kΩ safe-side inactive default","NOT YET FROZEN","BLOCKED - PHYSICAL DEFINITION REQUIRED","Exact one-to-one device, package, pin map, or prototype-rated physical definition is not released.","NO","YES","YES","NO","YES","NO","Stage G - relay and motion outputs"
"R515","05_Motor_Interfaces","47 kΩ MCU-side inactive default","NOT YET FROZEN","BLOCKED - PHYSICAL DEFINITION REQUIRED","Exact one-to-one device, package, pin map, or prototype-rated physical definition is not released.","NO","YES","YES","NO","YES","NO","Stage G - relay and motion outputs"
"R516","05_Motor_Interfaces","47 kΩ MCU-side inactive default","NOT YET FROZEN","BLOCKED - PHYSICAL DEFINITION REQUIRED","Exact one-to-one device, package, pin map, or prototype-rated physical definition is not released.","NO","YES","YES","NO","YES","NO","Stage G - relay and motion outputs"
"R517","05_Motor_Interfaces","47 kΩ MCU-side inactive default","NOT YET FROZEN","BLOCKED - PHYSICAL DEFINITION REQUIRED","Exact one-to-one device, package, pin map, or prototype-rated physical definition is not released.","NO","YES","YES","NO","YES","NO","Stage G - relay and motion outputs"
"R518","05_Motor_Interfaces","47 kΩ MCU-side inactive default","NOT YET FROZEN","BLOCKED - PHYSICAL DEFINITION REQUIRED","Exact one-to-one device, package, pin map, or prototype-rated physical definition is not released.","NO","YES","YES","NO","YES","NO","Stage G - relay and motion outputs"
"R519","05_Motor_Interfaces","33 Ω series damping","NOT YET FROZEN","BLOCKED - PHYSICAL DEFINITION REQUIRED","Exact one-to-one device, package, pin map, or prototype-rated physical definition is not released.","NO","YES","YES","NO","YES","NO","Stage G - relay and motion outputs"
"R520","05_Motor_Interfaces","10 kΩ safe-side inactive default","NOT YET FROZEN","BLOCKED - PHYSICAL DEFINITION REQUIRED","Exact one-to-one device, package, pin map, or prototype-rated physical definition is not released.","NO","YES","YES","NO","YES","NO","Stage G - relay and motion outputs"
"R521","05_Motor_Interfaces","33 Ω series damping","NOT YET FROZEN","BLOCKED - PHYSICAL DEFINITION REQUIRED","Exact one-to-one device, package, pin map, or prototype-rated physical definition is not released.","NO","YES","YES","NO","YES","NO","Stage G - relay and motion outputs"
"R522","05_Motor_Interfaces","10 kΩ safe-side inactive default","NOT YET FROZEN","BLOCKED - PHYSICAL DEFINITION REQUIRED","Exact one-to-one device, package, pin map, or prototype-rated physical definition is not released.","NO","YES","YES","NO","YES","NO","Stage G - relay and motion outputs"
"R523","05_Motor_Interfaces","33 Ω series damping","NOT YET FROZEN","BLOCKED - PHYSICAL DEFINITION REQUIRED","Exact one-to-one device, package, pin map, or prototype-rated physical definition is not released.","NO","YES","YES","NO","YES","NO","Stage G - relay and motion outputs"
"R524","05_Motor_Interfaces","10 kΩ safe-side inactive default","NOT YET FROZEN","BLOCKED - PHYSICAL DEFINITION REQUIRED","Exact one-to-one device, package, pin map, or prototype-rated physical definition is not released.","NO","YES","YES","NO","YES","NO","Stage G - relay and motion outputs"
"R525","05_Motor_Interfaces","33 Ω series damping","NOT YET FROZEN","BLOCKED - PHYSICAL DEFINITION REQUIRED","Exact one-to-one device, package, pin map, or prototype-rated physical definition is not released.","NO","YES","YES","NO","YES","NO","Stage G - relay and motion outputs"
"R526","05_Motor_Interfaces","10 kΩ safe-side inactive default","NOT YET FROZEN","BLOCKED - PHYSICAL DEFINITION REQUIRED","Exact one-to-one device, package, pin map, or prototype-rated physical definition is not released.","NO","YES","YES","NO","YES","NO","Stage G - relay and motion outputs"
"R527","05_Motor_Interfaces","100 kΩ U503 PERMIT fail-low input bias","NOT YET FROZEN","BLOCKED - PHYSICAL DEFINITION REQUIRED","Exact one-to-one device, package, pin map, or prototype-rated physical definition is not released.","NO","YES","YES","NO","YES","NO","Stage G - relay and motion outputs"
"R528","05_Motor_Interfaces","100 kΩ U503 INHIBIT fail-high input bias","NOT YET FROZEN","BLOCKED - PHYSICAL DEFINITION REQUIRED","Exact one-to-one device, package, pin map, or prototype-rated physical definition is not released.","NO","YES","YES","NO","YES","NO","Stage G - relay and motion outputs"
"U501","05_Motor_Interfaces","SN74LVC-Q1: R_OK = RPWM AND NOT LPWM; L_OK = LPWM AND NOT RPWM; enables pass","NOT YET FROZEN","BLOCKED - PHYSICAL DEFINITION REQUIRED","Exact one-to-one device, package, pin map, or prototype-rated physical definition is not released.","NO","YES","YES","NO","YES","NO","Stage G - relay and motion outputs"
"U502","05_Motor_Interfaces","SN74LVC-Q1: R_OK = RPWM AND NOT LPWM; L_OK = LPWM AND NOT RPWM; enables pass","NOT YET FROZEN","BLOCKED - PHYSICAL DEFINITION REQUIRED","Exact one-to-one device, package, pin map, or prototype-rated physical definition is not released.","NO","YES","YES","NO","YES","NO","Stage G - relay and motion outputs"
"U503","05_Motor_Interfaces","SN74LVC-Q1: EN = PERMIT AND NOT INHIBIT; disagreement disables","NOT YET FROZEN","BLOCKED - PHYSICAL DEFINITION REQUIRED","Exact one-to-one device, package, pin map, or prototype-rated physical definition is not released.","NO","YES","YES","NO","YES","NO","Stage G - relay and motion outputs"
"U504","05_Motor_Interfaces","SN74LXC4T245-class Axis 1; A→B, Ioff","NOT YET FROZEN","BLOCKED - PHYSICAL DEFINITION REQUIRED","Exact one-to-one device, package, pin map, or prototype-rated physical definition is not released.","NO","YES","YES","NO","YES","NO","Stage G - relay and motion outputs"
"U505","05_Motor_Interfaces","SN74LXC4T245-class Axis 2; A→B, Ioff","NOT YET FROZEN","BLOCKED - PHYSICAL DEFINITION REQUIRED","Exact one-to-one device, package, pin map, or prototype-rated physical definition is not released.","NO","YES","YES","NO","YES","NO","Stage G - relay and motion outputs"
"C601","06_Relay_MasterInhibit","Timing capacitor — value set from selected watchdog equation","NOT YET FROZEN","BLOCKED - PHYSICAL DEFINITION REQUIRED","Exact one-to-one device, package, pin map, or prototype-rated physical definition is not released.","NO","YES","YES","NO","NO","NO","Stage G - relay and motion outputs"
"D601","06_Relay_MasterInhibit","Schottky + 12 V / 500 mW zener series flyback clamp","NOT YET FROZEN","BLOCKED - PHYSICAL DEFINITION REQUIRED","Exact one-to-one device, package, pin map, or prototype-rated physical definition is not released.","NO","YES","YES","NO","NO","NO","Stage G - relay and motion outputs"
"K601","06_Relay_MasterInhibit","Omron G5Q-1 DC5-class, 5 V / 80 mA provisional","NOT YET FROZEN","BLOCKED - PHYSICAL DEFINITION REQUIRED","Exact one-to-one device, package, pin map, or prototype-rated physical definition is not released.","NO","YES","YES","NO","NO","NO","Stage G - relay and motion outputs"
"Q601","06_Relay_MasterInhibit","2N7002P-class, 60 V logic N-MOSFET","NOT YET FROZEN","BLOCKED - PHYSICAL DEFINITION REQUIRED","Exact one-to-one device, package, pin map, or prototype-rated physical definition is not released.","NO","YES","YES","NO","NO","NO","Stage G - relay and motion outputs"
"R601","06_Relay_MasterInhibit","100 kΩ WDI fail-low / open-route bias","NOT YET FROZEN","BLOCKED - PHYSICAL DEFINITION REQUIRED","Exact one-to-one device, package, pin map, or prototype-rated physical definition is not released.","NO","YES","YES","NO","NO","NO","Stage G - relay and motion outputs"
"R602","06_Relay_MasterInhibit","100 Ω gate resistor","NOT YET FROZEN","BLOCKED - PHYSICAL DEFINITION REQUIRED","Exact one-to-one device, package, pin map, or prototype-rated physical definition is not released.","NO","YES","YES","NO","NO","NO","Stage G - relay and motion outputs"
"R603","06_Relay_MasterInhibit","100 kΩ MOSFET gate default-OFF bias","NOT YET FROZEN","BLOCKED - PHYSICAL DEFINITION REQUIRED","Exact one-to-one device, package, pin map, or prototype-rated physical definition is not released.","NO","YES","YES","NO","NO","NO","Stage G - relay and motion outputs"
"R604","06_Relay_MasterInhibit","100 kΩ MAIN_POWER_GOOD fail-low","NOT YET FROZEN","BLOCKED - PHYSICAL DEFINITION REQUIRED","Exact one-to-one device, package, pin map, or prototype-rated physical definition is not released.","NO","YES","YES","NO","NO","NO","Stage G - relay and motion outputs"
"R605","06_Relay_MasterInhibit","100 kΩ RESET_VALID fail-low","NOT YET FROZEN","BLOCKED - PHYSICAL DEFINITION REQUIRED","Exact one-to-one device, package, pin map, or prototype-rated physical definition is not released.","NO","YES","YES","NO","NO","NO","Stage G - relay and motion outputs"
"R606","06_Relay_MasterInhibit","100 kΩ STOP_HW_INHIBIT fail-high","NOT YET FROZEN","BLOCKED - PHYSICAL DEFINITION REQUIRED","Exact one-to-one device, package, pin map, or prototype-rated physical definition is not released.","NO","YES","YES","NO","NO","NO","Stage G - relay and motion outputs"
"R607","06_Relay_MasterInhibit","100 kΩ RELAY_CMD_MCU fail-low","NOT YET FROZEN","BLOCKED - PHYSICAL DEFINITION REQUIRED","Exact one-to-one device, package, pin map, or prototype-rated physical definition is not released.","NO","YES","YES","NO","NO","NO","Stage G - relay and motion outputs"
"R608","06_Relay_MasterInhibit","100 kΩ WATCHDOG_VALID fail-low","NOT YET FROZEN","BLOCKED - PHYSICAL DEFINITION REQUIRED","Exact one-to-one device, package, pin map, or prototype-rated physical definition is not released.","NO","YES","YES","NO","NO","NO","Stage G - relay and motion outputs"
"R609","06_Relay_MasterInhibit","100 kΩ ACTUATOR_PERMIT fail-low","NOT YET FROZEN","BLOCKED - PHYSICAL DEFINITION REQUIRED","Exact one-to-one device, package, pin map, or prototype-rated physical definition is not released.","NO","YES","YES","NO","NO","NO","Stage G - relay and motion outputs"
"R610","06_Relay_MasterInhibit","100 kΩ MASTER_INHIBIT fail-high","NOT YET FROZEN","BLOCKED - PHYSICAL DEFINITION REQUIRED","Exact one-to-one device, package, pin map, or prototype-rated physical definition is not released.","NO","YES","YES","NO","NO","NO","Stage G - relay and motion outputs"
"U601","06_Relay_MasterInhibit","Independent window watchdog + 2-edge qualifier/latch, 250 ms max","NOT YET FROZEN","BLOCKED - PHYSICAL DEFINITION REQUIRED","Exact one-to-one device, package, pin map, or prototype-rated physical definition is not released.","NO","YES","YES","NO","NO","NO","Stage G - relay and motion outputs"
"U602","06_Relay_MasterInhibit","Fail-safe four-condition authorization logic","NOT YET FROZEN","BLOCKED - PHYSICAL DEFINITION REQUIRED","Exact one-to-one device, package, pin map, or prototype-rated physical definition is not released.","NO","YES","YES","NO","NO","NO","Stage G - relay and motion outputs"
"U603","06_Relay_MasterInhibit","RELAY_CMD_MCU AND ACTUATOR_PERMIT","NOT YET FROZEN","BLOCKED - PHYSICAL DEFINITION REQUIRED","Exact one-to-one device, package, pin map, or prototype-rated physical definition is not released.","NO","YES","YES","NO","NO","NO","Stage G - relay and motion outputs"
"C701","07_UI_Peripherals","100 nF X7R ±10% expander reset delay","NOT YET FROZEN","BLOCKED - PHYSICAL DEFINITION REQUIRED","Exact one-to-one device, package, pin map, or prototype-rated physical definition is not released.","NO","YES","NO","NO","NO","NO","Stage E - UI and sensor branches"
"C702","07_UI_Peripherals","100 nF +/-10% X7R >=10 V; U706 VCCA bypass","BLOCKED","BLOCKED - PHYSICAL DEFINITION REQUIRED","Exact one-to-one device, package, pin map, or prototype-rated physical definition is not released.","NO","YES","NO","NO","NO","NO","Stage E - UI and sensor branches"
"C703","07_UI_Peripherals","100 nF +/-10% X7R >=10 V; U706 VCCB bypass","BLOCKED","BLOCKED - PHYSICAL DEFINITION REQUIRED","Exact one-to-one device, package, pin map, or prototype-rated physical definition is not released.","NO","YES","NO","NO","NO","NO","Stage E - UI and sensor branches"
"C704","07_UI_Peripherals","100 nF +/-10% X7R >=10 V; U707 VCCA bypass","BLOCKED","BLOCKED - PHYSICAL DEFINITION REQUIRED","Exact one-to-one device, package, pin map, or prototype-rated physical definition is not released.","NO","YES","NO","NO","NO","NO","Stage E - UI and sensor branches"
"C705","07_UI_Peripherals","100 nF +/-10% X7R >=10 V; U707 VCCB bypass","BLOCKED","BLOCKED - PHYSICAL DEFINITION REQUIRED","Exact one-to-one device, package, pin map, or prototype-rated physical definition is not released.","NO","YES","NO","NO","NO","NO","Stage E - UI and sensor branches"
"Q701","07_UI_Peripherals","2N7002-class open-drain reset; 100k core pull-up asserts reset by default","NOT YET FROZEN","BLOCKED - PHYSICAL DEFINITION REQUIRED","Exact one-to-one device, package, pin map, or prototype-rated physical definition is not released.","NO","YES","NO","NO","NO","NO","Stage E - UI and sensor branches"
"R701","07_UI_Peripherals","100 kΩ ±1% expander reset pull-up","NOT YET FROZEN","BLOCKED - PHYSICAL DEFINITION REQUIRED","Exact one-to-one device, package, pin map, or prototype-rated physical definition is not released.","NO","YES","NO","NO","NO","NO","Stage E - UI and sensor branches"
"R702","07_UI_Peripherals","4.70 kΩ ±1% I2C SDA pull-up; Sheet 07 base-bus owner","NOT YET FROZEN","BLOCKED - PHYSICAL DEFINITION REQUIRED","Exact one-to-one device, package, pin map, or prototype-rated physical definition is not released.","NO","YES","NO","NO","NO","NO","Stage E - UI and sensor branches"
"R703","07_UI_Peripherals","4.70 kΩ ±1% I2C SCL pull-up; Sheet 07 base-bus owner","NOT YET FROZEN","BLOCKED - PHYSICAL DEFINITION REQUIRED","Exact one-to-one device, package, pin map, or prototype-rated physical definition is not released.","NO","YES","NO","NO","NO","NO","Stage E - UI and sensor branches"
"R704","07_UI_Peripherals","100 kOhm +/-1%; EN fail-low; >=0.063 W","BLOCKED","BLOCKED - PHYSICAL DEFINITION REQUIRED","Exact one-to-one device, package, pin map, or prototype-rated physical definition is not released.","NO","YES","NO","NO","NO","NO","Stage E - UI and sensor branches"
"R705","07_UI_Peripherals","100 kOhm +/-1%; EN fail-low; >=0.063 W","BLOCKED","BLOCKED - PHYSICAL DEFINITION REQUIRED","Exact one-to-one device, package, pin map, or prototype-rated physical definition is not released.","NO","YES","NO","NO","NO","NO","Stage E - UI and sensor branches"
"TP701","07_UI_Peripherals","UI_VCC DFT node","NOT YET FROZEN","DNP - DEBUG OPTION","Prototype test-access provision; physical pad definition remains part of the test-access ECO/footprint package.","NO","NO","NO","NO","NO","NO","Stage E - UI and sensor branches"
"TP702","07_UI_Peripherals","OLED_VCC DFT node","NOT YET FROZEN","DNP - DEBUG OPTION","Prototype test-access provision; physical pad definition remains part of the test-access ECO/footprint package.","NO","NO","NO","NO","NO","NO","Stage E - UI and sensor branches"
"TP703","07_UI_Peripherals","I2C_SDA DFT node","NOT YET FROZEN","DNP - DEBUG OPTION","Prototype test-access provision; physical pad definition remains part of the test-access ECO/footprint package.","NO","NO","NO","NO","NO","NO","Stage E - UI and sensor branches"
"TP704","07_UI_Peripherals","I2C_SCL DFT node","NOT YET FROZEN","DNP - DEBUG OPTION","Prototype test-access provision; physical pad definition remains part of the test-access ECO/footprint package.","NO","NO","NO","NO","NO","NO","Stage E - UI and sensor branches"
"TP705","07_UI_Peripherals","ENCODER_A_COND DFT node","NOT YET FROZEN","DNP - DEBUG OPTION","Prototype test-access provision; physical pad definition remains part of the test-access ECO/footprint package.","NO","NO","NO","NO","NO","NO","Stage E - UI and sensor branches"
"U701","07_UI_Peripherals","3ch active-low panel encoder conditioner; 10k/1k/10nF; UI-valid gated","NOT YET FROZEN","BLOCKED - PHYSICAL DEFINITION REQUIRED","Exact one-to-one device, package, pin map, or prototype-rated physical definition is not released.","NO","YES","NO","NO","NO","NO","Stage E - UI and sensor branches"
"U702","07_UI_Peripherals","TCA9535-class, +3V3_CORE, address 0x20, power-up inputs/high-Z","NOT YET FROZEN","BLOCKED - PHYSICAL DEFINITION REQUIRED","Exact one-to-one device, package, pin map, or prototype-rated physical definition is not released.","NO","YES","NO","NO","NO","NO","Stage E - UI and sensor branches"
"U703","07_UI_Peripherals","4x 60 V logic NMOS; 100Ω gates; 100kΩ gate pull-downs; buzzer clamp provision","NOT YET FROZEN","BLOCKED - PHYSICAL DEFINITION REQUIRED","Exact one-to-one device, package, pin map, or prototype-rated physical definition is not released.","NO","YES","NO","NO","NO","NO","Stage E - UI and sensor branches"
"U704","07_UI_Peripherals","2.42-inch SSD1309 OLED reference; exact module/J6 deferred","NOT YET FROZEN","DOCUMENTATION ONLY","Logical or external-module boundary; no board component may be inferred.","NO","NO","NO","NO","NO","NO","Stage E - UI and sensor branches"
"U705","07_UI_Peripherals","BME280 environmental sensor reference; exact module/J7 deferred","NOT YET FROZEN","DOCUMENTATION ONLY","Logical or external-module boundary; no board component may be inferred.","NO","NO","NO","NO","NO","NO","Stage E - UI and sensor branches"
"U706","07_UI_Peripherals","One physical 3.3 V dual-supply I2C buffer; 100 kHz; EN low isolates; Ioff <=10 uA; tpd <=1 us (TBD exact)","BLOCKED","BLOCKED - PHYSICAL DEFINITION REQUIRED","Exact one-to-one device, package, pin map, or prototype-rated physical definition is not released.","NO","YES","NO","NO","NO","NO","Stage E - UI and sensor branches"
"U707","07_UI_Peripherals","One physical 3.3 V dual-supply I2C buffer; 100 kHz; EN low isolates; Ioff <=10 uA; tpd <=1 us (TBD exact)","BLOCKED","BLOCKED - PHYSICAL DEFINITION REQUIRED","Exact one-to-one device, package, pin map, or prototype-rated physical definition is not released.","NO","YES","NO","NO","NO","NO","Stage E - UI and sensor branches"
"C801","08_Expansion","100 nF X7R ±10% local buffer decoupling","NOT YET FROZEN","BLOCKED - PHYSICAL DEFINITION REQUIRED","Exact one-to-one device, package, pin map, or prototype-rated physical definition is not released.","NO","YES","NO","NO","NO","YES","Stage H - optional expansion"
"C802","08_Expansion","10 µF X7R accessory-bias reservoir; within ICD-001 22 µF load cap limit","BLOCKED","BLOCKED - PHYSICAL DEFINITION REQUIRED","Exact one-to-one device, package, pin map, or prototype-rated physical definition is not released.","NO","YES","NO","NO","NO","YES","Stage H - optional expansion"
"C803","08_Expansion","100 nF X7R ±10% core-side buffer decoupling","NOT YET FROZEN","BLOCKED - PHYSICAL DEFINITION REQUIRED","Exact one-to-one device, package, pin map, or prototype-rated physical definition is not released.","NO","YES","NO","NO","NO","YES","Stage H - optional expansion"
"C804","08_Expansion","100 nF X7R ±10% U801 VDD bypass","BLOCKED","BLOCKED - PHYSICAL DEFINITION REQUIRED","Exact one-to-one device, package, pin map, or prototype-rated physical definition is not released.","NO","YES","NO","NO","NO","YES","Stage H - optional expansion"
"C805","08_Expansion","10 nF Â±10% X7R - TPS3899 CTR; 6.2 ms nominal","BLOCKED","BLOCKED - PHYSICAL DEFINITION REQUIRED","Exact one-to-one device, package, pin map, or prototype-rated physical definition is not released.","NO","YES","NO","NO","NO","YES","Stage H - optional expansion"
"D801","08_Expansion","J10 SDA low-capacitance TVS provision; IEC 61000-4-2 target","NOT YET FROZEN","BLOCKED - PHYSICAL DEFINITION REQUIRED","Exact one-to-one device, package, pin map, or prototype-rated physical definition is not released.","NO","YES","NO","NO","NO","YES","Stage H - optional expansion"
"D802","08_Expansion","J10 SCL low-capacitance TVS provision; IEC 61000-4-2 target","NOT YET FROZEN","BLOCKED - PHYSICAL DEFINITION REQUIRED","Exact one-to-one device, package, pin map, or prototype-rated physical definition is not released.","NO","YES","NO","NO","NO","YES","Stage H - optional expansion"
"D803","08_Expansion","EXPANSION_VCC local ESD/reverse-injection provision; final part coordinated with Sheet 09","BLOCKED","BLOCKED - PHYSICAL DEFINITION REQUIRED","Exact one-to-one device, package, pin map, or prototype-rated physical definition is not released.","NO","YES","NO","NO","NO","YES","Stage H - optional expansion"
"FB801","08_Expansion","Accessory-bias filter bead — impedance/current rating pending protection part selection","BLOCKED","BLOCKED - PHYSICAL DEFINITION REQUIRED","Exact one-to-one device, package, pin map, or prototype-rated physical definition is not released.","NO","YES","NO","NO","NO","YES","Stage H - optional expansion"
"R801","08_Expansion","100 kΩ ±1% segment-enable fail-low bias","FROZEN","POPULATE - REQUIRED","Current EBOM row is FROZEN and required by the released electrical implementation.","NO","YES","NO","NO","NO","YES","Stage H - optional expansion"
"R802","08_Expansion","4.70 kΩ ±1% J10 SDA pull-up; Sheet 08 external-segment owner","NOT YET FROZEN","BLOCKED - PHYSICAL DEFINITION REQUIRED","Exact one-to-one device, package, pin map, or prototype-rated physical definition is not released.","NO","YES","NO","NO","NO","YES","Stage H - optional expansion"
"R803","08_Expansion","4.70 kΩ ±1% J10 SCL pull-up; Sheet 08 external-segment owner","NOT YET FROZEN","BLOCKED - PHYSICAL DEFINITION REQUIRED","Exact one-to-one device, package, pin map, or prototype-rated physical definition is not released.","NO","YES","NO","NO","NO","YES","Stage H - optional expansion"
"R804","08_Expansion","47 Ω J10 SDA series damping; final 33–100 Ω by SI verification","NOT YET FROZEN","BLOCKED - PHYSICAL DEFINITION REQUIRED","Exact one-to-one device, package, pin map, or prototype-rated physical definition is not released.","NO","YES","NO","NO","NO","YES","Stage H - optional expansion"
"R805","08_Expansion","47 Ω J10 SCL series damping; final 33–100 Ω by SI verification","NOT YET FROZEN","BLOCKED - PHYSICAL DEFINITION REQUIRED","Exact one-to-one device, package, pin map, or prototype-rated physical definition is not released.","NO","YES","NO","NO","NO","YES","Stage H - optional expansion"
"R806","08_Expansion","150 kÎ© Â±0.1%, â‰¤25 ppm/Â°C - expansion-to-SENSE upper divider","BLOCKED","BLOCKED - PHYSICAL DEFINITION REQUIRED","Exact one-to-one device, package, pin map, or prototype-rated physical definition is not released.","NO","YES","NO","NO","NO","YES","Stage H - optional expansion"
"R807","08_Expansion","31.6 kÎ© Â±0.1%, â‰¤25 ppm/Â°C - TPS3899 SENSE lower divider","BLOCKED","BLOCKED - PHYSICAL DEFINITION REQUIRED","Exact one-to-one device, package, pin map, or prototype-rated physical definition is not released.","NO","YES","NO","NO","NO","YES","Stage H - optional expansion"
"R808","08_Expansion","1.30 MÎ© Â±0.1%, â‰¤25 ppm/Â°C - output-to-SENSE feedback","BLOCKED","BLOCKED - PHYSICAL DEFINITION REQUIRED","Exact one-to-one device, package, pin map, or prototype-rated physical definition is not released.","NO","YES","NO","NO","NO","YES","Stage H - optional expansion"
"R809","08_Expansion","4.70 kÎ© Â±1% - TPS3899 output pull-up","BLOCKED","BLOCKED - PHYSICAL DEFINITION REQUIRED","Exact one-to-one device, package, pin map, or prototype-rated physical definition is not released.","NO","YES","NO","NO","NO","YES","Stage H - optional expansion"
"TP801","08_Expansion","EXPANSION_VCC DFT","NOT YET FROZEN","DNP - DEBUG OPTION","Prototype test-access provision; physical pad definition remains part of the test-access ECO/footprint package.","NO","NO","NO","NO","NO","YES","Stage H - optional expansion"
"TP802","08_Expansion","SEGMENT_ENABLE DFT","NOT YET FROZEN","DNP - DEBUG OPTION","Prototype test-access provision; physical pad definition remains part of the test-access ECO/footprint package.","NO","NO","NO","NO","NO","YES","Stage H - optional expansion"
"TP803","08_Expansion","INTERNAL SDA DFT","NOT YET FROZEN","DNP - DEBUG OPTION","Prototype test-access provision; physical pad definition remains part of the test-access ECO/footprint package.","NO","NO","NO","NO","NO","YES","Stage H - optional expansion"
"TP804","08_Expansion","INTERNAL SCL DFT","NOT YET FROZEN","DNP - DEBUG OPTION","Prototype test-access provision; physical pad definition remains part of the test-access ECO/footprint package.","NO","NO","NO","NO","NO","YES","Stage H - optional expansion"
"TP805","08_Expansion","J10 SDA DFT","NOT YET FROZEN","DNP - DEBUG OPTION","Prototype test-access provision; physical pad definition remains part of the test-access ECO/footprint package.","NO","NO","NO","NO","NO","YES","Stage H - optional expansion"
"TP806","08_Expansion","J10 SCL DFT","NOT YET FROZEN","DNP - DEBUG OPTION","Prototype test-access provision; physical pad definition remains part of the test-access ECO/footprint package.","NO","NO","NO","NO","NO","YES","Stage H - optional expansion"
"U801","08_Expansion","TPS3899DL01 adjustable supervisor; OD active-low; external 2.9/2.7 V network; 6.2 ms","BLOCKED","BLOCKED - PHYSICAL DEFINITION REQUIRED","Exact one-to-one device, package, pin map, or prototype-rated physical definition is not released.","NO","YES","NO","NO","NO","YES","Stage H - optional expansion"
"U802","08_Expansion","Dual-supply I2C hot-swap buffer; 100 kHz; fail-disabled; no clock stretching","NOT YET FROZEN","BLOCKED - PHYSICAL DEFINITION REQUIRED","Exact one-to-one device, package, pin map, or prototype-rated physical definition is not released.","NO","YES","NO","NO","NO","YES","Stage H - optional expansion"
"C901","09_Connectors_Test","DNP 1 nF >=1 kV shield coupling option","NOT YET FROZEN","DNP - DEFAULT","Released optional/DNP function; retain unpopulated unless a controlled prototype test requires it.","NO","NO","NO","NO","NO","NO","Stage A - bare-board inspection"
"D901","09_Connectors_Test","USB2 ESD: >=5.5V, IEC 61000-4-2, <=1pF/ch, <=100nA","NOT YET FROZEN","BLOCKED - PHYSICAL DEFINITION REQUIRED","Exact one-to-one device, package, pin map, or prototype-rated physical definition is not released.","NO","YES","NO","YES","NO","NO","Stage D - USB and programming"
"D902","09_Connectors_Test","VBUS ESD: 5V working, IEC 61000-4-2; no PD voltage assumed","BLOCKED","BLOCKED - PHYSICAL DEFINITION REQUIRED","Exact one-to-one device, package, pin map, or prototype-rated physical definition is not released.","NO","YES","NO","YES","NO","NO","Stage A - bare-board inspection"
"DFT1","09_Connectors_Test","T1 factory pogo logical boundary; not populated","NOT YET FROZEN","DOCUMENTATION ONLY","Logical or external-module boundary; no board component may be inferred.","NO","NO","NO","NO","NO","NO","Stage A - bare-board inspection"
"J1","09_Connectors_Test","P1/H01 controller input","BLOCKED","BLOCKED - PHYSICAL DEFINITION REQUIRED","Exact one-to-one device, package, pin map, or prototype-rated physical definition is not released.","NO","YES","NO","NO","NO","NO","Stage A - bare-board inspection"
"J10","09_Connectors_Test","D1/H10 ICD-001 optional DNP; no live mate","NOT YET FROZEN","DNP - DEFAULT","Released optional/DNP function; retain unpopulated unless a controlled prototype test requires it.","NO","NO","NO","NO","NO","YES","Stage H - optional expansion"
"J13","09_Connectors_Test","U1/H13 USB2 device-UFP; full 24 contacts + shell","NOT YET FROZEN","BLOCKED - PHYSICAL DEFINITION REQUIRED","Exact one-to-one device, package, pin map, or prototype-rated physical definition is not released.","NO","YES","NO","YES","NO","NO","Stage D - USB and programming"
"J2","09_Connectors_Test","M1/H02 Axis 1 logic","NOT YET FROZEN","BLOCKED - PHYSICAL DEFINITION REQUIRED","Exact one-to-one device, package, pin map, or prototype-rated physical definition is not released.","NO","YES","NO","NO","YES","NO","Stage G - relay and motion outputs"
"J3","09_Connectors_Test","M1/H03 Axis 2 logic","NOT YET FROZEN","BLOCKED - PHYSICAL DEFINITION REQUIRED","Exact one-to-one device, package, pin map, or prototype-rated physical definition is not released.","NO","YES","NO","NO","YES","NO","Stage G - relay and motion outputs"
"J4","09_Connectors_Test","S1/H04 LEFT-RIGHT limits","NOT YET FROZEN","BLOCKED - PHYSICAL DEFINITION REQUIRED","Exact one-to-one device, package, pin map, or prototype-rated physical definition is not released.","NO","YES","YES","NO","NO","NO","Stage F - safety and watchdog"
"J5","09_Connectors_Test","S1/H05 UP-DOWN limits","NOT YET FROZEN","BLOCKED - PHYSICAL DEFINITION REQUIRED","Exact one-to-one device, package, pin map, or prototype-rated physical definition is not released.","NO","YES","YES","NO","NO","NO","Stage F - safety and watchdog"
"J6","09_Connectors_Test","D1/H06 OLED; 0.20m; no live mate","NOT YET FROZEN","BLOCKED - PHYSICAL DEFINITION REQUIRED","Exact one-to-one device, package, pin map, or prototype-rated physical definition is not released.","NO","YES","NO","NO","NO","NO","Stage E - UI and sensor branches"
"J7","09_Connectors_Test","D1/H07 BME280; 0.20m; no live mate","NOT YET FROZEN","BLOCKED - PHYSICAL DEFINITION REQUIRED","Exact one-to-one device, package, pin map, or prototype-rated physical definition is not released.","NO","YES","NO","NO","NO","NO","Stage E - UI and sensor branches"
"J8A","09_Connectors_Test","S1/H08A dedicated STOP; unique key","NOT YET FROZEN","BLOCKED - PHYSICAL DEFINITION REQUIRED","Exact one-to-one device, package, pin map, or prototype-rated physical definition is not released.","NO","YES","YES","NO","NO","NO","Stage F - safety and watchdog"
"J8B","09_Connectors_Test","L1/H08B ordinary UI; incompatible with J8A","NOT YET FROZEN","BLOCKED - PHYSICAL DEFINITION REQUIRED","Exact one-to-one device, package, pin map, or prototype-rated physical definition is not released.","NO","YES","NO","NO","NO","NO","Stage E - UI and sensor branches"
"J9","09_Connectors_Test","R1/H09 SELV dry contact; 0-30VDC 1A","NOT YET FROZEN","BLOCKED - PHYSICAL DEFINITION REQUIRED","Exact one-to-one device, package, pin map, or prototype-rated physical definition is not released.","NO","YES","NO","NO","NO","NO","Stage G - relay and motion outputs"
"R901","09_Connectors_Test","5.1 kΩ ±1% CC1 Rd","NOT YET FROZEN","BLOCKED - PHYSICAL DEFINITION REQUIRED","Exact one-to-one device, package, pin map, or prototype-rated physical definition is not released.","NO","YES","NO","YES","NO","NO","Stage A - bare-board inspection"
"R902","09_Connectors_Test","5.1 kΩ ±1% CC2 Rd","NOT YET FROZEN","BLOCKED - PHYSICAL DEFINITION REQUIRED","Exact one-to-one device, package, pin map, or prototype-rated physical definition is not released.","NO","YES","NO","YES","NO","NO","Stage A - bare-board inspection"
"R903","09_Connectors_Test","DNP 1 MOhm shield bleed option","NOT YET FROZEN","DNP - DEFAULT","Released optional/DNP function; retain unpopulated unless a controlled prototype test requires it.","NO","NO","NO","NO","NO","NO","Stage A - bare-board inspection"
